Date,Gold,S&P500,Nasdaq,DowJones,CrudeOil,USD_Index
1/2/15,1186,2058.2,4726.8101,17832.9902,52.69,91.08
1/5/15,1203.9,2020.58,4652.5698,17501.6504,50.04,91.38
1/6/15,1219.3,2002.61,4592.7402,17371.6406,47.93,91.5
1/7/15,1210.6,2025.9,4650.4702,17584.5195,48.65,91.89
1/8/15,1208.4,2062.1399,4736.1899,17907.8691,48.79,92.37
1/9/15,1216,2044.8101,4704.0698,17737.3691,48.36,91.94
1/12/15,1232.7,2028.26,4664.71,17640.8398,46.07,91.98
1/13/15,1234.3,2023.03,4661.5,17613.6797,45.89,92.31
1/14/15,1234.4,2011.27,4639.3198,17427.0898,48.48,92.16
1/15/15,1264.7,1992.67,4570.8198,17320.7109,46.25,92.35
1/16/15,1276.9,2019.42,4634.3799,17511.5703,48.69,92.52
1/20/15,1294.2,2022.55,4654.8501,17515.2305,46.39,93.05
1/21/15,1293.7,2032.12,4667.4199,17554.2793,47.78,92.9
1/22/15,1300.7,2063.1499,4750.3999,17813.9805,46.31,94.24
1/23/15,1292.6,2051.8201,4757.8799,17672.5996,45.59,95
1/26/15,1279.4,2057.0901,4771.7598,17678.6992,45.15,94.8
1/27/15,1291.7,2029.55,4681.5,17387.2109,46.23,94.02
1/28/15,1285.9,2002.16,4637.9902,17191.3691,44.45,94.47
1/29/15,1254.6,2021.25,4683.4102,17416.8496,44.53,94.78
1/30/15,1278.5,1994.99,4635.2402,17164.9492,48.24,94.8
2/2/15,1276.2,2020.85,4676.6899,17361.0391,49.57,94.5
2/3/15,1259.7,2050.03,4727.7402,17666.4004,53.05,93.6
2/4/15,1263.8,2041.51,4716.7002,17673.0195,48.45,93.99
2/5/15,1262,2062.52,4765.1001,17884.8809,50.48,94.7
2/6/15,1233.9,2055.47,4744.3999,17824.2891,51.69,94.7
2/9/15,1240.8,2046.74,4726.0098,17729.2109,52.86,94.45
2/10/15,1231.6,2068.5901,4787.6401,17868.7598,50.02,94.76
2/11/15,1219,2068.53,4801.1802,17862.1406,48.84,94.99
2/12/15,1220.1,2088.48,4857.6099,17972.3809,51.21,94.09
2/13/15,1226.5,2096.99,4893.8398,18019.3496,52.78,94.2
2/17/15,1208.1,2100.3401,4899.27,18047.5801,53.53,94.06
2/18/15,1199.7,2099.6799,4906.3599,18029.8496,52.14,94.2
2/19/15,1207.1,2097.45,4924.7002,17985.7695,51.16,94.4
2/20/15,1204.4,2110.3,4955.9702,18140.4395,50.34,94.25
2/23/15,1200.3,2109.6599,4960.9702,18116.8398,49.45,94.57
2/24/15,1196.9,2115.48,4968.1201,18209.1895,49.28,94.49
2/25/15,1201,2113.8601,4967.1401,18224.5703,50.99,94.21
2/26/15,1209.6,2110.74,4987.8901,18214.4199,48.17,95.29
2/27/15,1212.6,2104.5,4963.5298,18132.6992,49.76,95.25
3/2/15,1207.7,2117.3899,5008.1001,18288.6309,49.59,95.46
3/3/15,1204,2107.78,4979.8999,18203.3691,50.52,95.38
3/4/15,1200.6,2098.53,4967.1401,18096.9004,51.53,95.97
3/5/15,1195.9,2101.04,4982.8101,18135.7207,50.76,96.38
3/6/15,1164.1,2071.26,4927.3701,17856.7793,49.61,97.62
3/9/15,1166.4,2079.4299,4942.4399,17995.7207,50,97.59
3/10/15,1160.1,2044.16,4859.79,17662.9395,48.29,98.62
3/11/15,1150.7,2040.24,4849.9399,17635.3906,48.17,99.8
3/12/15,1152.1,2065.95,4893.29,17895.2207,47.05,99.15
3/13/15,1152.6,2053.3999,4871.7598,17749.3105,44.84,100.33
3/16/15,1153.3,2081.1899,4929.5098,17977.4199,43.88,99.6
3/17/15,1148.3,2074.28,4937.4302,17849.0801,43.46,99.59
3/18/15,1151.4,2099.5,4982.8301,18076.1895,44.66,98.55
3/19/15,1169.1,2089.27,4992.3799,17959.0293,43.96,99.1
3/20/15,1184.8,2108.1001,5026.4199,18127.6504,45.72,97.91
3/23/15,1188,2104.4199,5010.9702,18116.0391,47.45,97.03
3/24/15,1191.7,2091.5,4994.73,18011.1406,47.51,97.19
3/25/15,1197.3,2061.05,4876.52,17718.5391,49.21,96.98
3/26/15,1205.1,2056.1499,4863.3599,17678.2305,51.43,97.44
3/27/15,1199.8,2061.02,4891.2202,17712.6602,48.87,97.29
3/30/15,1184.8,2086.24,4947.4399,17976.3105,48.68,97.98
3/31/15,1183.1,2067.8899,4900.8799,17776.1191,47.6,98.36
4/1/15,1208.1,2059.6899,4880.23,17698.1797,50.09,98.19
4/2/15,1200.9,2066.96,4886.9399,17763.2402,49.14,97.44
4/6/15,1218.6,2080.6201,4917.3198,17880.8496,52.14,97.11
4/7/15,1210.6,2076.3301,4910.23,17875.4199,53.98,97.83
4/8/15,1203.1,2081.8999,4950.8198,17902.5098,50.42,98.07
4/9/15,1193.6,2091.1799,4974.5601,17958.7305,50.79,99.16
4/10/15,1204.6,2102.0601,4995.98,18057.6504,51.64,99.39
4/13/15,1199.3,2092.4299,4988.25,17977.0391,51.91,99.49
4/14/15,1192.8,2095.8401,4977.29,18036.6992,53.29,98.76
4/15/15,1201.5,2106.6299,5011.02,18112.6094,56.39,98.33
4/16/15,1198,2104.99,5007.79,18105.7695,56.71,97.42
4/17/15,1202.9,2081.1799,4931.8101,17826.3008,55.74,97.52
4/20/15,1193.5,2100.3999,4994.6001,18034.9297,56.38,97.94
4/21/15,1202.9,2097.29,5014.1001,17949.5898,55.26,97.98
4/22/15,1186.9,2107.96,5035.1699,18038.2695,56.16,98.02
4/23/15,1194.4,2112.9299,5056.0601,18058.6895,57.74,97.28
4/24/15,1175.2,2117.6899,5092.0801,18080.1406,57.15,96.92
4/27/15,1203.3,2108.9199,5060.25,18037.9707,56.99,96.77
4/28/15,1214,2114.76,5055.4199,18110.1406,57.06,96.09
4/29/15,1209.8,2106.8501,5023.6401,18035.5293,58.58,95.12
4/30/15,1182.4,2085.51,4941.4199,17840.5195,59.63,94.6
5/1/15,1174.5,2108.29,5005.3901,18024.0605,59.15,95.3
5/4/15,1186.8,2114.49,5016.9302,18070.4004,58.93,95.48
5/5/15,1193.2,2089.46,4939.3301,17928.1992,60.4,95.13
5/6/15,1190.3,2080.1499,4919.6401,17841.9805,60.93,94.13
5/7/15,1182.4,2088,4945.54,17924.0605,58.94,94.62
5/8/15,1189.1,2116.1001,5003.5498,18191.1094,59.39,94.79
5/11/15,1183.2,2105.3301,4993.5698,18105.1699,59.25,95.01
5/12/15,1192.6,2099.1201,4976.1899,18068.2305,60.75,94.53
5/13/15,1218.4,2098.48,4981.6899,18060.4902,60.5,93.62
5/14/15,1225.4,2121.1001,5050.7998,18252.2402,59.88,93.36
5/15/15,1225.5,2122.73,5048.29,18272.5605,59.69,93.14
5/18/15,1227.8,2129.2,5078.4399,18298.8809,59.43,94.19
5/19/15,1206.9,2127.8301,5070.0298,18312.3906,57.26,95.27
5/20/15,1208.9,2125.8501,5071.7402,18285.4004,58.98,95.45
5/21/15,1204.4,2130.8201,5090.79,18285.7402,60.72,95.26
5/22/15,1204.3,2126.0601,5089.3599,18232.0195,59.72,96.01
5/26/15,1187.2,2104.2,5032.75,18041.5391,58.03,97.3
5/27/15,1185.9,2123.48,5106.5898,18162.9902,57.51,97.37
5/28/15,1188.1,2120.79,5097.98,18126.1191,57.68,96.97
5/29/15,1189.4,2107.3899,5070.0298,18010.6797,60.3,96.91
6/1/15,1188.3,2111.73,5082.9302,18040.3691,60.2,97.39
6/2/15,1194.1,2109.6001,5076.52,18011.9395,61.26,95.84
6/3/15,1184.7,2114.0701,5099.23,18076.2695,59.64,95.47
6/4/15,1174.9,2095.8401,5059.1201,17905.5801,58,95.46
6/5/15,1167.8,2092.8301,5068.46,17849.4609,59.13,96.31
6/8/15,1173.2,2079.28,5021.6299,17766.5508,58.14,95.3
6/9/15,1177.3,2080.1499,5013.8701,17764.0391,60.14,95.17
6/10/15,1186.1,2105.2,5076.6899,18000.4004,61.43,94.65
6/11/15,1179.9,2108.8601,5082.5098,18039.3691,60.77,94.98
6/12/15,1178.8,2094.1101,5051.1001,17898.8398,59.96,94.97
6/15/15,1185.3,2084.4299,5029.9702,17791.1699,59.52,94.81
6/16/15,1180.5,2096.29,5055.5498,17904.4805,59.97,95
6/17/15,1176.4,2100.4399,5064.8799,17935.7402,59.92,94.3
6/18/15,1201.5,2121.24,5132.9502,18115.8398,60.45,94.04
6/19/15,1201.5,2109.99,5117,18015.9492,59.61,94.09
6/22/15,1183.7,2122.8501,5153.9702,18119.7793,59.68,94.33
6/23/15,1176.2,2124.2,5160.0898,18144.0703,61.01,95.43
6/24/15,1172.6,2108.5801,5122.4102,17966.0703,60.27,95.26
6/25/15,1171.5,2102.3101,5112.1899,17890.3594,59.7,95.19
6/26/15,1172.9,2101.49,5080.5098,17946.6797,59.63,95.47
6/29/15,1178.5,2057.6399,4958.4702,17596.3496,58.33,94.79
6/30/15,1171.5,2063.1101,4986.8701,17619.5098,59.47,95.49
7/1/15,1169,2077.4199,5013.1201,17757.9102,56.96,96.31
7/2/15,1163,2076.78,5009.21,17730.1094,56.93,96.11
7/6/15,1172.9,2068.76,4991.9399,17683.5801,52.53,96.3
7/7/15,1152.4,2081.3401,4997.46,17776.9102,52.33,96.87
7/8/15,1163.3,2046.6801,4909.7598,17515.4199,51.65,96.29
7/9/15,1159,2051.3101,4922.3999,17548.6191,52.78,96.61
7/10/15,1157.7,2076.6201,4997.7002,17760.4102,52.74,96.03
7/13/15,1155.2,2099.6001,5071.5098,17977.6797,52.2,96.86
7/14/15,1153.3,2108.95,5104.8901,18053.5801,53.04,96.64
7/15/15,1147.2,2107.3999,5098.9399,18050.1699,51.41,97.13
7/16/15,1143.8,2124.29,5163.1802,18120.25,50.91,97.66
7/17/15,1131.8,2126.6399,5210.1401,18086.4492,50.89,97.86
7/20/15,1106.7,2128.28,5218.8599,18100.4102,50.15,98.03
7/21/15,1103.4,2119.21,5208.1201,17919.2891,50.36,97.33
7/22/15,1091.4,2114.1499,5171.77,17851.0391,49.19,97.6
7/23/15,1094,2102.1499,5146.4102,17731.9199,48.45,97.12
7/24/15,1085.6,2079.6499,5088.6299,17568.5293,48.14,97.24
7/27/15,1096.5,2067.6399,5039.7798,17440.5898,47.39,96.5
7/28/15,1096.3,2093.25,5089.21,17630.2695,47.98,96.77
7/29/15,1092.7,2108.5701,5111.73,17751.3906,48.79,96.98
7/30/15,1088.4,2108.6299,5128.7798,17745.9805,48.52,97.56
7/31/15,1094.9,2103.8401,5128.2798,17689.8594,47.12,97.37
8/3/15,1089.4,2098.04,5115.3799,17598.1992,45.17,97.49
8/4/15,1090.7,2093.3201,5105.5498,17550.6895,45.74,97.93
8/5/15,1085.7,2099.8401,5139.9399,17540.4707,45.15,97.96
8/6/15,1090.2,2083.5601,5056.4399,17419.75,44.66,97.83
8/7/15,1094.1,2077.5701,5043.54,17373.3809,43.87,97.56
8/10/15,1104.2,2104.1799,5101.7998,17615.1699,44.96,97.16
8/11/15,1107.6,2084.0701,5036.79,17402.8398,43.08,97.29
8/12/15,1123.2,2086.05,5044.3901,17402.5098,43.3,96.26
8/13/15,1115.7,2083.3899,5033.5601,17408.25,42.23,96.45
8/14/15,1112.9,2091.54,5048.2402,17477.4004,42.5,96.57
8/17/15,1118.6,2102.4399,5091.7002,17545.1797,41.87,96.82
8/18/15,1117.1,2096.9199,5059.3501,17511.3398,42.62,96.97
8/19/15,1128.1,2079.6101,5019.0498,17348.7305,40.8,96.46
8/20/15,1153,2035.73,4877.4902,16990.6895,41.14,95.75
8/21/15,1159.6,1970.89,4706.04,16459.75,40.45,94.83
8/24/15,1153.4,1893.21,4526.25,15871.3496,38.24,93.31
8/25/15,1138.2,1867.61,4506.4902,15666.4404,39.31,94.53
8/26/15,1124.6,1940.51,4697.54,16285.5098,38.6,95.1
8/27/15,1122.4,1987.66,4812.71,16654.7695,42.56,95.61
8/28/15,1133.1,1988.87,4828.3198,16643.0098,45.22,96.11
8/31/15,1131.6,1972.1801,4776.5098,16528.0293,49.2,95.95
9/1/15,1138.7,1913.85,4636.1001,16058.3496,45.41,95.45
9/2/15,1132.5,1948.86,4749.98,16351.3799,46.25,95.83
9/3/15,1123.7,1951.13,4733.5,16374.7598,46.75,96.41
9/4/15,1120.6,1921.22,4683.9199,16102.3799,46.05,96.23
9/8/15,1120.4,1969.41,4811.9302,16492.6797,45.94,95.88
9/9/15,1102.2,1942.04,4756.5298,16253.5703,44.15,96.01
9/10/15,1109.5,1952.29,4796.25,16330.4004,45.92,95.46
9/11/15,1103.5,1961.05,4822.3398,16433.0898,44.63,95.19
9/14/15,1107.7,1953.03,4805.7598,16370.96,44,95.25
9/15/15,1102.8,1978.09,4860.52,16599.8496,44.59,95.61
9/16/15,1119.2,1995.3101,4889.2402,16739.9492,47.15,95.42
9/17/15,1117.3,1990.2,4893.9502,16674.7402,46.9,94.55
9/18/15,1138.1,1958.03,4827.23,16384.5801,44.68,94.86
9/21/15,1133.1,1966.97,4828.9502,16510.1895,46.68,95.89
9/22/15,1125,1942.74,4756.7202,16330.4697,45.83,96.28
9/23/15,1131.6,1938.76,4752.7402,16279.8896,44.48,96.07
9/24/15,1153.8,1932.24,4734.48,16201.3203,44.91,95.99
9/25/15,1146,1931.34,4686.5,16314.6699,45.7,96.27
9/28/15,1132,1881.77,4543.9702,16001.8896,44.43,96.03
9/29/15,1127.1,1884.09,4517.3198,16049.1299,45.23,95.89
9/30/15,1115.5,1920.03,4620.1602,16284.7002,45.09,96.35
10/1/15,1114.2,1923.8199,4627.0801,16272.0098,44.74,96.19
10/2/15,1137.1,1951.36,4707.7798,16472.3691,45.54,95.83
10/5/15,1138.1,1987.05,4781.2598,16776.4297,46.26,96.11
10/6/15,1146.8,1979.92,4748.3599,16790.1895,48.53,95.46
10/7/15,1149,1995.83,4791.1499,16912.2891,47.81,95.5
10/8/15,1144.7,2013.4301,4810.79,17050.75,49.43,95.32
10/9/15,1156.3,2014.89,4830.4702,17084.4902,49.63,94.81
10/12/15,1164.9,2017.46,4838.6401,17131.8594,47.1,94.84
10/13/15,1165.8,2003.6899,4796.6099,17081.8906,46.66,94.76
10/14/15,1180.1,1994.24,4782.8501,16924.75,46.64,93.93
10/15/15,1187.9,2023.86,4870.1001,17141.75,46.38,94.37
10/16/15,1183.6,2033.11,4886.6899,17215.9707,47.26,94.54
10/19/15,1173.3,2033.66,4905.4702,17230.5391,45.89,94.96
10/20/15,1178,2030.77,4880.9702,17217.1094,45.55,94.85
10/21/15,1167.6,2018.9399,4840.1201,17168.6094,45.2,95.05
10/22/15,1166.6,2052.51,4920.0498,17489.1602,45.38,96.34
10/23/15,1163.3,2075.1499,5031.8599,17646.6992,44.6,97.07
10/26/15,1167,2071.1799,5034.7002,17623.0508,43.98,96.86
10/27/15,1166.8,2065.8899,5030.1499,17581.4297,43.2,96.91
10/28/15,1177.1,2090.3501,5095.6899,17779.5195,45.94,97.78
10/29/15,1147.2,2089.4099,5074.27,17755.8008,46.06,97.28
10/30/15,1141.5,2079.3601,5053.75,17663.5391,46.59,96.95
11/2/15,1135.8,2104.05,5127.1499,17828.7598,46.14,96.93
11/3/15,1114.2,2109.79,5145.1299,17918.1504,47.9,97.16
11/4/15,1106.5,2102.3101,5142.48,17867.5801,46.32,97.95
11/5/15,1104.4,2099.9299,5127.7402,17863.4297,45.2,97.94
11/6/15,1087.6,2099.2,5147.1201,17910.3301,44.29,99.16
11/9/15,1087.9,2078.5801,5095.2998,17730.4805,43.87,98.98
11/10/15,1088.2,2081.72,5083.2402,17758.2109,44.21,99.29
11/11/15,1084.7,2075,5067.02,17702.2207,42.93,99.01
11/12/15,1080.8,2045.97,5005.0801,17448.0703,41.75,98.65
11/13/15,1080.8,2023.04,4927.8799,17245.2402,40.74,98.99
11/16/15,1083.7,2053.1899,4984.6201,17483.0098,41.74,99.44
11/17/15,1068.7,2050.4399,4986.02,17489.5,40.67,99.63
11/18/15,1068.8,2083.5801,5075.2002,17737.1602,40.75,99.65
11/19/15,1078,2081.24,5073.6401,17732.75,40.54,98.99
11/20/15,1076.4,2089.1699,5104.9199,17823.8105,40.39,99.57
11/23/15,1066.8,2086.5901,5102.48,17792.6797,41.75,99.8
11/24/15,1074.3,2089.1399,5102.8101,17812.1895,42.87,99.53
11/25/15,1070.5,2088.8701,5116.1401,17813.3906,43.04,99.8
11/27/15,1056.2,2090.1101,5127.52,17813.3906,41.71,100.02
11/30/15,1065.8,2080.4099,5108.6699,17719.9199,41.65,100.17
12/1/15,1063.8,2102.6299,5156.3101,17888.3496,41.85,99.8
12/2/15,1054.2,2079.51,5123.2202,17729.6797,39.94,99.99
12/3/15,1061.7,2049.6201,5037.5298,17477.6699,41.08,97.62
12/4/15,1084.5,2091.6899,5142.27,17847.6309,39.97,98.35
12/7/15,1076.4,2077.0701,5101.8101,17730.5098,37.65,98.66
12/8/15,1076.3,2063.5901,5098.2402,17568,37.51,98.47
12/9/15,1077.6,2047.62,5022.8701,17492.3008,37.16,97.35
12/10/15,1073.1,2052.23,5045.1699,17574.75,36.76,97.94
12/11/15,1076.9,2012.37,4933.4702,17265.2109,35.62,97.57
12/14/15,1064.7,2021.9399,4952.23,17368.5,36.31,97.6
12/15/15,1062.9,2043.41,4995.3599,17524.9102,37.35,98.22
12/16/15,1078,2073.0701,5071.1299,17749.0898,35.52,97.87
12/17/15,1050.8,2041.89,5002.5498,17495.8398,34.95,99.27
12/18/15,1066.2,2005.55,4923.0801,17128.5508,34.73,98.7
12/21/15,1081.9,2021.15,4968.9199,17251.6191,34.74,98.46
12/22/15,1074.8,2038.97,5001.1099,17417.2695,36.14,98.24
12/23/15,1069.4,2064.29,5045.9302,17602.6094,37.5,98.34
12/24/15,1077.2,2060.99,5048.4902,17552.1699,38.1,97.98
12/28/15,1070.5,2056.5,5040.9902,17528.2695,36.81,97.92
12/29/15,1077.5,2078.3601,5107.9399,17720.9805,37.87,98.1
12/30/15,1060.1,2063.3601,5065.8501,17603.8691,36.6,98.27
12/31/15,1060.3,2043.9399,5007.4102,17425.0293,37.04,98.63
1/4/16,1075.1,2012.66,4903.0898,17148.9395,36.76,98.87
1/5/16,1078.4,2016.71,4891.4302,17158.6602,35.97,99.4
1/6/16,1091.9,1990.26,4835.7598,16906.5098,33.97,99.18
1/7/16,1107.7,1943.09,4689.4302,16514.0996,33.27,98.22
1/8/16,1097.8,1922.03,4643.6299,16346.4502,33.16,98.54
1/11/16,1096.5,1923.67,4637.9902,16398.5703,31.41,98.73
1/12/16,1085.6,1938.6801,4685.9199,16516.2207,30.44,98.97
1/13/16,1087.5,1890.28,4526.0601,16151.4102,30.48,98.93
1/14/16,1073.9,1921.84,4615,16379.0498,31.2,99.09
1/15/16,1091.5,1880.33,4488.4199,15988.0801,29.42,98.96
1/19/16,1089.9,1881.33,4476.9502,16016.0195,28.46,98.99
1/20/16,1107.1,1859.33,4471.6899,15766.7402,26.55,99.09
1/21/16,1099.1,1868.99,4472.0601,15882.6797,29.53,99.06
1/22/16,1097.2,1906.9,4591.1802,16093.5098,32.19,99.57
1/25/16,1106.2,1877.08,4518.4902,15885.2197,30.34,99.36
1/26/16,1121.7,1903.63,4567.6699,16167.2305,31.45,99.36
1/27/16,1116.1,1882.95,4468.1699,15944.46,32.3,98.9
1/28/16,1115.6,1893.36,4506.6802,16069.6396,33.22,98.51
1/29/16,1116.4,1940.24,4613.9502,16466.3008,33.62,99.61
2/1/16,1127.9,1939.38,4620.3701,16449.1797,31.62,99
2/2/16,1127.3,1903.03,4516.9502,16153.54,29.88,98.87
2/3/16,1141.3,1912.53,4504.2402,16336.6602,32.28,97.29
2/4/16,1157.6,1915.45,4509.5601,16416.5801,31.72,96.47
2/5/16,1157.8,1880.05,4363.1401,16204.9697,30.89,97.03
2/8/16,1197.9,1853.4399,4283.75,16027.0498,29.69,96.57
2/9/16,1198.7,1852.21,4268.7598,16014.3799,27.94,96.07
2/10/16,1194.7,1851.86,4283.5898,15914.7402,27.45,95.89
2/11/16,1247.9,1829.08,4266.8398,15660.1797,26.21,95.56
2/12/16,1239.1,1864.78,4337.5098,15973.8398,29.44,95.98
2/16/16,1207.9,1895.58,4435.96,16196.4102,29.04,96.87
2/17/16,1211.1,1926.8199,4534.0601,16453.8301,30.66,96.79
2/18/16,1226.1,1917.83,4487.54,16413.4297,30.77,96.95
2/19/16,1230.4,1917.78,4504.4302,16391.9902,29.64,96.6
2/22/16,1209.5,1945.5,4570.6099,16620.6602,31.48,97.38
2/23/16,1222.3,1921.27,4503.5801,16431.7793,31.87,97.48
2/24/16,1238.7,1929.8,4542.6099,16484.9902,32.15,97.46
2/25/16,1238.2,1951.7,4582.2002,16697.2891,33.07,97.29
2/26/16,1219.8,1948.05,4590.4702,16639.9707,32.78,98.15
2/29/16,1233.9,1932.23,4557.9502,16516.5,33.75,98.21
3/1/16,1230.3,1978.35,4689.6001,16865.0801,34.4,98.35
3/2/16,1241.1,1986.45,4703.4199,16899.3203,34.66,98.21
3/3/16,1257.4,1993.4,4707.4199,16943.9004,34.57,97.57
3/4/16,1269.9,1999.99,4717.02,17006.7695,35.92,97.34
3/7/16,1263.2,2001.76,4708.25,17073.9492,37.9,97.07
3/8/16,1262.1,1979.26,4648.8198,16964.0996,36.5,97.21
3/9/16,1256.6,1989.26,4674.3799,17000.3594,38.29,97.17
3/10/16,1272,1989.5699,4662.1602,16995.1309,37.84,96.07
3/11/16,1258.7,2022.1899,4748.4702,17213.3105,38.5,96.17
3/14/16,1244.4,2019.64,4750.2798,17229.1309,37.18,96.62
3/15/16,1230.4,2015.9301,4728.6699,17251.5293,36.34,96.63
3/16/16,1229.3,2027.22,4763.9702,17325.7598,38.46,95.89
3/17/16,1264.5,2040.59,4774.9902,17481.4902,40.2,94.76
3/18/16,1253.8,2049.5801,4795.6499,17602.3008,39.44,94.99
3/21/16,1243.8,2051.6001,4808.8701,17623.8691,39.91,95.29
3/22/16,1248.2,2049.8,4821.6602,17582.5703,41.45,95.65
3/23/16,1223.7,2036.71,4768.8599,17502.5898,39.79,96.05
3/24/16,1221.4,2035.9399,4773.5,17515.7305,39.46,96.14
3/28/16,1219.9,2037.05,4766.79,17535.3906,39.39,95.94
3/29/16,1235.6,2055.01,4846.6201,17633.1094,38.28,95.16
3/30/16,1226.9,2063.95,4869.29,17716.6602,38.32,94.84
3/31/16,1234.2,2059.74,4869.8501,17685.0898,38.34,94.59
4/1/16,1222.2,2072.78,4914.54,17792.75,36.79,94.62
4/4/16,1218,2066.1299,4891.7998,17737,35.7,94.51
4/5/16,1228.4,2045.17,4843.9302,17603.3203,35.89,94.63
4/6/16,1222.5,2066.6599,4920.7202,17716.0508,37.75,94.43
4/7/16,1236.2,2041.91,4848.3701,17541.9609,37.26,94.48
4/8/16,1242.5,2047.6,4850.6899,17576.9609,39.72,94.24
4/11/16,1256.7,2041.99,4833.3999,17556.4102,40.36,93.95
4/12/16,1259.4,2061.72,4872.0898,17721.25,42.17,93.96
4/13/16,1246.8,2082.4199,4947.4199,17908.2793,41.76,94.74
4/14/16,1225,2082.78,4945.8901,17926.4297,41.5,94.9
4/15/16,1233.1,2080.73,4938.2202,17897.4609,40.36,94.7
4/18/16,1233.6,2094.3401,4960.02,18004.1602,39.78,94.49
4/19/16,1253,2100.8,4940.3301,18053.5996,41.08,93.98
4/20/16,1253.2,2102.3999,4948.1299,18096.2695,42.63,94.49
4/21/16,1249,2091.48,4945.8901,17982.5195,43.18,94.6
4/22/16,1228.7,2091.5801,4906.23,18003.75,43.73,95.12
4/25/16,1238.9,2087.79,4895.79,17977.2402,42.64,94.84
4/26/16,1242.2,2091.7,4888.2798,17990.3203,44.04,94.57
4/27/16,1249.2,2095.1499,4863.1401,18041.5508,45.33,94.39
4/28/16,1265.5,2075.8101,4805.29,17830.7598,46.03,93.76
4/29/16,1289.2,2065.3,4775.3599,17773.6406,45.92,93.08
5/2/16,1294.7,2081.4299,4817.5898,17891.1602,44.78,92.63
5/3/16,1290.7,2063.3701,4763.2202,17750.9102,43.65,92.94
5/4/16,1273.3,2051.1201,4725.6401,17651.2598,43.78,93.18
5/5/16,1271.4,2050.6299,4717.0898,17660.7109,44.32,93.78
5/6/16,1292.9,2057.1399,4736.1602,17740.6309,44.66,93.89
5/9/16,1265.6,2058.6899,4750.21,17705.9102,43.44,94.15
5/10/16,1263.9,2084.3899,4809.8799,17928.3496,44.66,94.29
5/11/16,1274.6,2064.46,4760.6899,17711.1191,46.23,93.82
5/12/16,1270.3,2064.1101,4737.3301,17720.5,46.7,94.14
5/13/16,1271.9,2046.61,4717.6802,17535.3203,46.21,94.61
5/16/16,1273.4,2066.6599,4775.46,17710.7109,47.72,94.57
5/17/16,1276.2,2047.21,4715.73,17529.9805,48.31,94.55
5/18/16,1273.7,2047.63,4739.1201,17526.6191,48.19,95.08
5/19/16,1254.2,2040.04,4712.5298,17435.4004,48.16,95.29
5/20/16,1252.4,2052.3201,4769.5601,17500.9395,47.75,95.31
5/23/16,1251.1,2048.04,4765.7798,17492.9297,48.08,95.23
5/24/16,1228.9,2076.0601,4861.0601,17706.0508,48.62,95.57
5/25/16,1223.5,2090.54,4894.8901,17851.5098,49.56,95.35
5/26/16,1220.1,2090.1001,4901.77,17828.2891,49.48,95.17
5/27/16,1213.8,2099.0601,4933.5,17873.2207,49.33,95.52
5/31/16,1214.8,2096.95,4948.0498,17787.1992,49.1,95.89
6/1/16,1211.9,2099.3301,4952.25,17789.6699,49.01,95.46
6/2/16,1209.8,2105.26,4971.3599,17838.5605,49.17,95.56
6/3/16,1240.1,2099.1299,4942.52,17807.0605,48.62,94.03
6/6/16,1244.6,2109.4099,4968.71,17920.3301,49.69,93.9
6/7/16,1244.4,2112.1299,4961.75,17938.2793,50.36,93.83
6/8/16,1259.8,2119.1201,4974.6401,18005.0508,51.23,93.59
6/9/16,1270.2,2115.48,4958.6201,17985.1895,50.56,94.1
6/10/16,1273.4,2096.0701,4894.5498,17865.3398,49.07,94.6
6/13/16,1284.4,2079.0601,4848.4399,17732.4805,48.88,94.37
6/14/16,1285.6,2075.3201,4843.5498,17674.8203,48.49,94.93
6/15/16,1285.8,2071.5,4834.9302,17640.1699,48.01,94.61
6/16/16,1296.1,2077.99,4844.9199,17733.0996,46.21,94.57
6/17/16,1292.5,2071.22,4800.3398,17675.1602,47.98,94.21
6/20/16,1290,2083.25,4837.21,17804.8691,49.37,93.61
6/21/16,1270.5,2088.8999,4843.7598,17829.7305,48.85,94.02
6/22/16,1268,2085.45,4833.3198,17780.8301,49.13,93.72
6/23/16,1261.2,2113.3201,4910.04,18011.0703,50.11,93.53
6/24/16,1320,2037.41,4707.98,17400.75,47.64,95.45
6/27/16,1322.5,2000.54,4594.4399,17140.2402,46.33,96.54
6/28/16,1315.3,2036.09,4691.8701,17409.7207,47.85,96.25
6/29/16,1323.9,2070.77,4779.25,17694.6797,49.88,95.77
6/30/16,1318.4,2098.8601,4842.6699,17929.9902,48.33,96.14
7/1/16,1336.7,2102.95,4862.5698,17949.3691,48.99,95.65
7/5/16,1356.4,2088.55,4822.8999,17840.6191,46.6,96.17
7/6/16,1364.9,2099.73,4859.1602,17918.6191,47.43,96.06
7/7/16,1360.1,2097.8999,4876.8101,17895.8809,45.14,96.33
7/8/16,1356.6,2129.8999,4956.7598,18146.7402,45.41,96.3
7/11/16,1355,2137.1599,4988.6401,18226.9297,44.76,96.57
7/12/16,1334.1,2152.1399,5022.8198,18347.6699,46.8,96.44
7/13/16,1342.4,2152.4299,5005.73,18372.1191,44.75,96.22
7/14/16,1331.3,2163.75,5034.0601,18506.4102,45.68,96.08
7/15/16,1326.5,2161.74,5029.5898,18516.5508,45.95,96.58
7/18/16,1328.4,2166.8899,5055.7798,18533.0508,45.24,96.56
7/19/16,1331.5,2163.78,5036.3701,18559.0098,44.65,97.05
7/20/16,1318.8,2173.02,5089.9302,18595.0293,44.94,97.2
7/21/16,1330.5,2165.1699,5073.8999,18517.2305,44.75,97
7/22/16,1323.1,2175.03,5100.1602,18570.8496,44.19,97.47
7/25/16,1319.3,2168.48,5097.6299,18493.0605,43.13,97.29
7/26/16,1320.7,2169.1799,5110.0498,18473.75,42.92,97.16
7/27/16,1326.6,2166.5801,5139.8101,18472.1699,41.92,97.05
7/28/16,1332.3,2170.0601,5154.98,18456.3496,41.14,96.74
7/29/16,1349,2173.6001,5162.1299,18432.2402,41.6,95.53
8/1/16,1351.4,2170.8401,5184.2002,18404.5098,40.06,95.71
8/2/16,1364.4,2157.03,5137.73,18313.7695,39.51,95.06
8/3/16,1356.1,2163.79,5159.7402,18355,40.83,95.56
8/4/16,1358.8,2164.25,5166.25,18352.0508,41.93,95.76
8/5/16,1336.4,2182.8701,5221.1201,18543.5293,41.8,96.19
8/8/16,1333.4,2180.8899,5213.1401,18529.2891,43.02,96.4
8/9/16,1339,2181.74,5225.48,18533.0508,42.77,96.18
8/10/16,1344.3,2175.49,5204.5801,18495.6602,41.71,95.65
8/11/16,1342.5,2185.79,5228.3999,18613.5195,43.49,95.86
8/12/16,1335.8,2184.05,5232.8901,18576.4707,44.49,95.72
8/15/16,1340.3,2190.1499,5262.02,18636.0508,45.74,95.63
8/16/16,1350.5,2178.1499,5227.1099,18552.0195,46.58,94.79
8/17/16,1342.7,2182.22,5228.6602,18573.9395,46.79,94.72
8/18/16,1351.2,2187.02,5240.1499,18597.6992,48.22,94.16
8/19/16,1340.4,2183.8701,5238.3799,18552.5703,48.52,94.51
8/22/16,1337.7,2182.6399,5244.6001,18529.4199,47.05,94.52
8/23/16,1340.6,2186.8999,5260.0801,18547.3008,48.1,94.54
8/24/16,1324.4,2175.4399,5217.6899,18481.4805,46.77,94.79
8/25/16,1320.1,2172.47,5212.2002,18448.4102,47.33,94.77
8/26/16,1321.5,2169.04,5218.9199,18395.4004,47.64,95.57
8/29/16,1322.9,2180.3799,5232.3301,18502.9902,46.98,95.58
8/30/16,1311.7,2176.1201,5222.9902,18454.3008,46.35,96.05
8/31/16,1306.9,2170.95,5213.2202,18400.8809,44.7,96.02
9/1/16,1312.2,2170.8601,5227.21,18419.3008,43.16,95.65
9/2/16,1322.1,2179.98,5249.8999,18491.9609,44.44,95.88
9/6/16,1349.4,2186.48,5275.9102,18538.1191,44.83,94.82
9/7/16,1344.3,2186.1599,5283.9302,18526.1406,45.5,94.96
9/8/16,1336.8,2181.3,5259.48,18479.9102,47.62,95.03
9/9/16,1330.1,2127.8101,5125.9102,18085.4492,45.88,95.34
9/12/16,1321,2159.04,5211.8901,18325.0703,46.29,95.1
9/13/16,1319,2127.02,5155.25,18066.75,44.9,95.63
9/14/16,1321.5,2125.77,5173.77,18034.7695,43.58,95.33
9/15/16,1313.5,2147.26,5249.6899,18212.4805,43.91,95.29
9/16/16,1305.8,2139.1599,5244.5698,18123.8008,43.03,96.11
9/19/16,1313.5,2139.1201,5235.0298,18120.1699,43.3,95.84
9/20/16,1313.7,2139.76,5241.3501,18129.9609,43.44,96.02
9/21/16,1326.9,2163.1201,5295.1802,18293.6992,45.34,95.66
9/22/16,1340.4,2177.1799,5339.52,18392.4609,46.32,95.45
9/23/16,1337.2,2164.6899,5305.75,18261.4492,44.48,95.48
9/26/16,1339.7,2146.1001,5257.4902,18094.8301,45.93,95.31
9/27/16,1325.9,2159.9299,5305.71,18228.3008,44.67,95.44
9/28/16,1319.4,2171.3701,5318.5498,18339.2402,47.05,95.43
9/29/16,1321.7,2151.1299,5269.1499,18143.4492,47.83,95.54
9/30/16,1313.3,2168.27,5312,18308.1504,48.24,95.46
10/3/16,1309,2161.2,5300.8701,18253.8496,48.81,95.75
10/4/16,1266.3,2150.49,5289.6602,18168.4492,48.69,96.12
10/5/16,1265.2,2159.73,5316.02,18281.0293,49.83,96.13
10/6/16,1249.8,2160.77,5306.8501,18268.5,50.44,96.66
10/7/16,1248.9,2153.74,5292.3999,18240.4902,49.81,96.52
10/11/16,1253,2136.73,5246.79,18128.6602,50.79,97.7
10/12/16,1251.1,2139.1799,5239.02,18144.1992,50.18,97.97
10/13/16,1255,2132.55,5213.3301,18098.9395,50.44,97.52
10/14/16,1253.1,2132.98,5214.1602,18138.3809,50.35,98.02
10/17/16,1254.4,2126.5,5199.8198,18086.4004,49.94,97.89
10/18/16,1260.8,2139.6001,5243.8398,18161.9395,50.29,97.9
10/19/16,1267.9,2144.29,5246.4102,18202.6191,51.6,97.87
10/20/16,1265.6,2141.3401,5241.8301,18162.3496,50.43,98.32
10/21/16,1265.9,2141.1599,5257.3999,18145.7109,50.85,98.7
10/24/16,1262,2151.3301,5309.8301,18223.0293,50.52,98.67
10/25/16,1271.9,2143.1599,5283.3999,18169.2695,49.96,98.72
10/26/16,1264.8,2139.4299,5250.27,18199.3301,49.18,98.63
10/27/16,1267.9,2133.04,5215.9702,18169.6797,49.72,98.89
10/28/16,1275.5,2126.4099,5190.1001,18161.1895,48.7,98.35
10/31/16,1271.5,2126.1499,5189.1401,18142.4199,46.86,98.45
11/1/16,1286.4,2111.72,5153.5801,18037.0996,46.67,97.7
11/2/16,1306.8,2097.9399,5105.5698,17959.6406,45.34,97.4
11/3/16,1302.1,2088.6599,5058.4102,17930.6699,44.66,97.16
11/4/16,1303.3,2085.1799,5046.3701,17888.2793,44.07,97.07
11/7/16,1278.3,2131.52,5166.1699,18259.5996,44.89,97.78
11/8/16,1273.4,2139.5601,5193.4902,18332.7402,44.98,97.86
11/9/16,1272.6,2163.26,5251.0698,18589.6895,45.27,98.5
11/10/16,1265.5,2167.48,5208.7998,18807.8809,44.66,98.79
11/14/16,1221.2,2164.2,5218.3999,18868.6895,43.32,100.11
11/15/16,1224,2180.3899,5275.6201,18923.0605,45.81,100.19
11/16/16,1223.4,2176.9399,5294.5801,18868.1406,45.57,100.41
11/17/16,1216.5,2187.1201,5333.9702,18903.8203,45.42,100.89
11/18/16,1208.5,2181.8999,5321.5098,18867.9297,45.69,101.21
11/21/16,1209.6,2198.1799,5368.8599,18956.6895,47.49,101.05
11/22/16,1211,2202.9399,5386.3501,19023.8691,48.03,101.04
11/23/16,1189.1,2204.72,5380.6802,19083.1797,47.96,101.7
11/25/16,1178.2,2213.3501,5398.9199,19152.1406,46.06,101.49
11/28/16,1190.6,2201.72,5368.8101,19097.9004,47.08,101.33
11/29/16,1187.9,2204.6599,5379.9199,19121.5996,45.23,100.93
11/30/16,1170.8,2198.8101,5323.6802,19123.5801,49.44,101.5
12/1/16,1166.9,2191.0801,5251.1099,19191.9297,51.06,101.04
12/2/16,1175.1,2191.95,5255.6499,19170.4199,51.68,100.77
12/5/16,1174,2204.71,5308.8901,19216.2402,51.79,100.14
12/6/16,1167.6,2212.23,5333,19251.7793,50.93,100.49
12/7/16,1175,2241.3501,5393.7598,19549.6191,49.77,100.23
12/8/16,1169.8,2246.1899,5417.3599,19614.8105,50.84,101.07
12/9/16,1159.4,2259.53,5444.5,19756.8496,51.5,101.57
12/12/16,1163.5,2256.96,5412.54,19796.4297,52.83,100.96
12/13/16,1156.7,2271.72,5463.8301,19911.2109,52.98,101.03
12/14/16,1161.3,2253.28,5436.6699,19792.5293,51.04,102
12/15/16,1127.8,2262.03,5456.8501,19852.2402,50.9,103.13
12/16/16,1135.3,2258.0701,5437.1602,19843.4102,51.9,102.95
12/19/16,1140.5,2262.53,5457.4399,19883.0605,52.12,103.14
12/20/16,1131.5,2270.76,5483.9399,19974.6191,52.23,103.29
12/21/16,1131.1,2265.1799,5471.4302,19941.9609,52.49,103.02
12/22/16,1128.8,2260.96,5447.4199,19918.8809,52.95,103.09
12/23/16,1131.9,2263.79,5462.6899,19933.8105,53.02,103.01
12/27/16,1137.3,2268.8799,5487.4399,19945.0391,53.9,103.02
12/28/16,1139.4,2249.9199,5438.5601,19833.6797,54.06,103.26
12/29/16,1156.4,2249.26,5432.0898,19819.7793,53.77,102.68
12/30/16,1150,2238.8301,5383.1201,19762.5996,53.72,102.39
1/3/17,1160.4,2257.8301,5429.0801,19881.7598,52.33,103.21
1/4/17,1163.8,2270.75,5477,19942.1602,53.26,102.7
1/5/17,1179.7,2269,5487.9399,19899.2891,53.76,101.52
1/6/17,1171.9,2276.98,5521.0601,19963.8008,53.99,102.22
1/9/17,1183.5,2268.8999,5531.8198,19887.3809,51.96,101.93
1/10/17,1184.2,2268.8999,5551.8198,19855.5293,50.82,102.01
1/11/17,1195.6,2275.3201,5563.6499,19954.2793,52.25,101.78
1/12/17,1198.9,2270.4399,5547.4902,19891,53.01,101.35
1/13/17,1195.3,2274.6399,5574.1201,19885.7305,52.37,101.18
1/17/17,1212,2267.8899,5538.73,19826.7695,52.48,100.33
1/18/17,1211.3,2271.8899,5555.6499,19804.7207,51.08,100.93
1/19/17,1200.9,2263.6899,5540.0801,19732.4004,51.37,101.15
1/20/17,1204.3,2271.3101,5555.3301,19827.25,52.42,100.74
1/23/17,1215,2265.2,5552.9399,19799.8496,52.75,100.16
1/24/17,1210.3,2280.0701,5600.96,19912.7109,53.18,100.35
1/25/17,1197.3,2298.3701,5656.3398,20068.5098,52.75,100.03
1/26/17,1189.5,2296.6799,5655.1802,20100.9102,53.78,100.38
1/27/17,1188.1,2294.6899,5660.7798,20093.7793,53.17,100.53
1/30/17,1193.2,2280.8999,5613.71,19971.1309,52.63,100.43
1/31/17,1208.6,2278.8701,5614.79,19864.0898,52.81,99.51
2/1/17,1205.6,2279.55,5642.6499,19890.9395,53.88,99.64
2/2/17,1216.7,2280.8501,5636.2002,19884.9102,53.54,99.85
2/3/17,1218.5,2297.4199,5666.77,20071.4609,53.83,99.87
2/6/17,1230,2292.5601,5663.5498,20052.4199,53.01,99.91
2/7/17,1234.2,2293.0801,5674.2202,20090.2891,52.17,100.26
2/8/17,1237.6,2294.6699,5682.4502,20054.3398,52.34,100.28
2/9/17,1235.1,2307.8701,5715.1802,20172.4004,53,100.65
2/10/17,1234.4,2316.1001,5734.1299,20269.3691,53.86,100.8
2/13/17,1224.4,2328.25,5763.96,20412.1602,52.93,100.96
2/14/17,1223.9,2337.5801,5782.5698,20504.4102,53.2,101.25
2/15/17,1231.7,2349.25,5819.4399,20611.8594,53.11,101.18
2/16/17,1240,2347.22,5814.8999,20619.7695,53.36,100.44
2/17/17,1237.6,2351.1599,5838.5801,20624.0508,53.4,100.95
2/21/17,1237.5,2365.3799,5865.9502,20743,54.06,101.37
2/22/17,1232,2362.8201,5860.6299,20775.5996,53.59,101.33
2/23/17,1250.2,2363.8101,5835.5098,20810.3203,54.45,101.05
2/24/17,1256.9,2367.3401,5845.3101,20821.7598,53.99,101.09
2/27/17,1257.4,2369.75,5861.8999,20837.4395,54.05,101.13
2/28/17,1252.6,2363.6399,5825.4399,20812.2402,54.01,101.12
3/1/17,1248.9,2395.96,5904.0298,21115.5508,53.83,101.78
3/2/17,1231.9,2381.9199,5861.2202,21002.9707,52.61,102.2
3/3/17,1225.5,2383.1201,5870.75,21005.7109,53.33,101.54
3/6/17,1224.5,2375.3101,5849.1802,20954.3398,53.2,101.64
3/7/17,1215.1,2368.3899,5833.9302,20924.7598,53.14,101.81
3/8/17,1208.5,2362.98,5837.5498,20855.7305,50.28,102.07
3/9/17,1202.4,2364.8701,5838.8101,20858.1895,49.28,101.85
3/10/17,1200.7,2372.6001,5861.73,20902.9805,48.49,101.25
3/13/17,1202.4,2373.47,5875.7798,20881.4805,48.4,101.38
3/14/17,1201.9,2365.45,5856.8198,20837.3691,47.72,101.7
3/15/17,1200.1,2385.26,5900.0498,20950.0996,48.86,100.74
3/16/17,1226.5,2381.3799,5900.7598,20934.5508,48.75,100.27
3/17/17,1229.8,2378.25,5901,20914.6191,48.78,100.3
3/20/17,1233.6,2373.47,5901.5298,20905.8594,48.22,100.41
3/21/17,1246.1,2344.02,5793.8301,20668.0098,47.34,99.81
3/22/17,1249.3,2348.45,5821.6401,20661.3008,48.04,99.68
3/23/17,1246.9,2345.96,5817.6899,20656.5801,47.7,99.76
3/24/17,1248.2,2343.98,5828.7402,20596.7207,47.97,99.63
3/27/17,1255.4,2341.5901,5840.3701,20550.9805,47.73,99.17
3/28/17,1255.3,2358.5701,5875.1401,20701.5,48.37,99.71
3/29/17,1253.4,2361.1299,5897.5498,20659.3203,49.51,100
3/30/17,1245,2368.0601,5914.3398,20728.4902,50.35,100.41
3/31/17,1247.3,2362.72,5911.7402,20663.2207,50.6,100.35
4/3/17,1250.8,2358.8401,5894.6802,20650.2109,50.24,100.54
4/4/17,1255,2360.1599,5898.6099,20689.2402,51.03,100.54
4/5/17,1245.4,2352.95,5864.48,20648.1504,51.15,100.56
4/6/17,1250.3,2357.49,5878.9502,20662.9492,51.7,100.67
4/7/17,1254.3,2355.54,5877.8101,20656.0996,52.24,101.18
4/10/17,1251.1,2357.1599,5880.9302,20658.0195,53.08,101.02
4/11/17,1271.2,2353.78,5866.77,20651.3008,53.4,100.71
4/12/17,1275.3,2344.9299,5836.1602,20591.8594,53.11,100.78
4/13/17,1285.9,2328.95,5805.1499,20453.25,53.18,100.56
4/17/17,1289.4,2349.01,5856.79,20636.9199,52.65,100.3
4/18/17,1291.7,2342.1899,5849.4702,20523.2793,52.41,99.5
4/19/17,1281.4,2338.1699,5863.0298,20404.4902,50.44,99.74
4/20/17,1281.9,2355.8401,5916.7798,20578.7109,50.27,99.78
4/21/17,1287.4,2348.6899,5910.52,20547.7598,49.62,99.98
4/24/17,1275.8,2374.1499,5983.8198,20763.8906,49.23,99.09
4/25/17,1265.6,2388.6101,6025.4902,20996.1191,49.56,98.82
4/26/17,1262.1,2387.45,6025.23,20975.0898,49.62,98.96
4/27/17,1263.7,2388.77,6048.9399,20981.3301,48.97,99.08
4/28/17,1266.1,2384.2,6047.6099,20940.5098,49.33,99.05
5/1/17,1253.3,2388.3301,6091.6001,20913.4609,48.84,99.14
5/2/17,1255.1,2391.1699,6095.3701,20949.8906,47.66,98.98
5/3/17,1246.4,2388.1299,6072.5498,20957.9004,47.82,99.21
5/4/17,1226.5,2389.52,6075.3398,20951.4707,45.52,98.76
5/5/17,1224.8,2399.29,6100.7598,21006.9395,46.22,98.65
5/8/17,1225.3,2399.3799,6102.6602,21012.2793,46.43,99.15
5/9/17,1214.3,2396.9199,6120.5898,20975.7793,45.88,99.59
5/10/17,1217.3,2399.6299,6129.1401,20943.1094,47.33,99.67
5/11/17,1222.7,2394.4399,6115.96,20919.4199,47.83,99.62
5/12/17,1226.2,2390.8999,6121.23,20896.6094,47.84,99.25
5/15/17,1228.6,2402.3201,6149.6699,20981.9395,48.85,98.91
5/16/17,1235,2400.6699,6169.8701,20979.75,48.66,98.11
5/17/17,1257.5,2357.03,6011.2402,20606.9297,49.07,97.42
5/18/17,1251.7,2365.72,6055.1299,20663.0195,49.35,97.88
5/19/17,1252.7,2381.73,6083.7002,20804.8398,50.33,97.15
5/22/17,1260.7,2394.02,6133.6201,20894.8301,50.73,96.98
5/23/17,1254.8,2398.4199,6138.71,20937.9102,51.47,97.35
5/24/17,1252.4,2404.3899,6163.02,21012.4199,51.36,97.24
5/25/17,1255.8,2415.0701,6205.2598,21082.9492,48.9,97.25
5/26/17,1267.6,2415.8201,6210.1899,21080.2793,49.8,97.4
5/30/17,1262.1,2412.9099,6203.1899,21029.4707,49.66,97.28
5/31/17,1272,2411.8,6198.52,21008.6504,48.32,96.92
6/1/17,1267,2430.0601,6246.8301,21144.1797,48.36,97.2
6/2/17,1276.8,2439.0701,6305.7998,21206.2891,47.66,96.72
6/5/17,1279.3,2436.1001,6295.6802,21184.0391,47.4,96.8
6/6/17,1294.4,2429.3301,6275.0601,21136.2305,48.19,96.64
6/7/17,1290.1,2433.1399,6297.3799,21173.6895,45.72,96.75
6/8/17,1276.3,2433.79,6321.7598,21182.5293,45.64,96.92
6/9/17,1268.5,2431.77,6207.9199,21271.9707,45.83,97.27
6/12/17,1266.1,2429.3899,6175.46,21235.6699,46.08,97.14
6/13/17,1265.8,2440.3501,6220.3701,21328.4707,46.46,96.98
6/14/17,1272.8,2437.9199,6194.8901,21374.5605,44.73,96.94
6/15/17,1252.2,2432.46,6165.5,21359.9004,44.46,97.43
6/16/17,1254,2433.1499,6151.7598,21384.2793,44.74,97.16
6/19/17,1244.2,2453.46,6239.0098,21528.9902,44.2,97.53
6/20/17,1241,2437.03,6188.0298,21467.1406,43.23,97.75
6/21/17,1243.4,2435.6101,6233.9502,21410.0293,42.53,97.56
6/22/17,1247.6,2434.5,6236.6899,21397.2891,42.74,97.54
6/23/17,1256.2,2438.3,6265.25,21394.7598,43.01,97.3
6/26/17,1246.3,2439.0701,6247.1499,21409.5508,43.38,97.43
6/27/17,1246.4,2419.3799,6146.6201,21310.6602,44.24,96.47
6/28/17,1248,2440.6899,6234.4102,21454.6094,44.74,96.05
6/29/17,1244.2,2419.7,6144.3501,21287.0293,44.93,95.63
6/30/17,1240.7,2423.4099,6140.4199,21349.6309,46.04,95.66
7/3/17,1217.9,2429.01,6110.0601,21479.2695,47.07,96.2
7/5/17,1220.4,2432.54,6150.8599,21478.1699,45.13,96.29
7/6/17,1222.2,2409.75,6089.46,21320.0391,45.52,95.82
7/7/17,1208.6,2425.1799,6153.0801,21414.3398,44.23,96.01
7/10/17,1212.1,2427.4299,6176.3901,21408.5195,44.4,96.05
7/11/17,1213.6,2425.53,6193.2998,21409.0703,45.04,95.74
7/12/17,1218.1,2443.25,6261.1699,21532.1406,45.49,95.79
7/13/17,1216.3,2447.8301,6274.4399,21553.0898,46.08,95.73
7/14/17,1226.6,2459.27,6312.4702,21637.7402,46.54,95.11
7/17/17,1232.8,2459.1399,6314.4302,21629.7207,46.02,95.13
7/18/17,1241.1,2460.6101,6344.3101,21574.7305,46.4,94.66
7/19/17,1241.2,2473.8301,6385.04,21640.75,47.12,94.8
7/20/17,1244.8,2473.45,6390,21611.7793,46.79,94.27
7/21/17,1254.3,2472.54,6387.75,21580.0703,45.77,93.94
7/24/17,1253.9,2469.9099,6410.8101,21513.1699,46.34,93.98
7/25/17,1251.7,2477.1299,6412.1699,21613.4297,47.89,94.05
7/26/17,1249,2477.8301,6422.75,21711.0098,48.75,93.67
7/27/17,1259.6,2475.4199,6382.1899,21796.5508,49.04,93.86
7/28/17,1268.4,2472.1001,6374.6802,21830.3105,49.71,93.26
7/31/17,1266.6,2470.3,6348.1201,21891.1191,50.17,92.86
8/1/17,1272.6,2476.3501,6362.9399,21963.9199,49.16,93.03
8/2/17,1271.8,2477.5701,6362.6499,22016.2402,49.59,92.83
8/3/17,1267.8,2472.1599,6340.3398,22026.0996,49.03,92.81
8/4/17,1258.3,2476.8301,6351.5601,22092.8105,49.58,93.54
8/7/17,1258.2,2480.9099,6383.77,22118.4199,49.39,93.43
8/8/17,1256.4,2474.9199,6370.46,22085.3398,49.17,93.64
8/9/17,1273,2474.02,6352.3301,22048.6992,49.56,93.52
8/10/17,1283.7,2438.21,6216.8701,21844.0098,48.59,93.4
8/11/17,1287.7,2441.3201,6256.5601,21858.3203,48.82,93.07
8/14/17,1284.2,2465.8401,6340.23,21993.7109,47.59,93.46
8/15/17,1273.7,2464.6101,6333.0098,21998.9902,47.55,93.85
8/16/17,1276.9,2468.1101,6345.1099,22024.8691,46.78,93.49
8/17/17,1286.4,2430.01,6221.9102,21750.7305,47.09,93.62
8/18/17,1285.7,2425.55,6216.5298,21674.5098,48.51,93.43
8/21/17,1290.8,2428.3701,6213.1299,21703.75,47.37,93.1
8/22/17,1285.1,2452.51,6297.48,21899.8906,47.64,93.55
8/23/17,1288.9,2444.04,6278.4102,21812.0898,48.41,93.15
8/24/17,1286.5,2438.97,6271.3301,21783.4004,47.43,93.28
8/25/17,1292.5,2443.05,6265.6401,21813.6699,47.87,92.74
8/28/17,1309.7,2444.24,6283.02,21808.4004,46.57,92.21
8/29/17,1313.1,2446.3,6301.8901,21865.3691,46.44,92.35
8/30/17,1308.1,2457.5901,6368.3101,21892.4297,45.96,92.88
8/31/17,1316.2,2471.6499,6428.6602,21948.0996,47.23,92.67
9/1/17,1324.5,2476.55,6435.3301,21987.5605,47.29,92.81
9/5/17,1339.2,2457.8501,6375.5698,21753.3105,48.66,92.31
9/6/17,1333.9,2465.54,6393.3101,21807.6406,49.16,92.29
9/7/17,1345.1,2465.1001,6397.8701,21784.7793,49.09,91.53
9/8/17,1346,2461.4299,6360.1899,21797.7891,47.48,91.33
9/11/17,1331,2488.1101,6432.2598,22057.3691,48.07,91.86
9/12/17,1328,2496.48,6454.2798,22118.8594,48.23,91.91
9/13/17,1323.4,2498.3701,6460.1899,22158.1797,49.3,92.52
9/14/17,1324.7,2495.6201,6429.0801,22203.4805,49.89,92.12
9/15/17,1320.4,2500.23,6448.4702,22268.3398,49.89,91.87
9/18/17,1306.3,2503.8701,6454.6401,22331.3496,49.91,92.05
9/19/17,1306.2,2506.6499,6461.3198,22370.8008,49.48,91.79
9/20/17,1312,2508.24,6456.04,22412.5898,50.41,92.51
9/21/17,1290.6,2500.6001,6422.6899,22359.2305,50.55,92.26
9/22/17,1293.3,2502.22,6426.9199,22349.5898,50.66,92.17
9/25/17,1306.8,2496.6599,6370.5898,22296.0898,52.22,92.65
9/26/17,1297,2496.8401,6380.1602,22284.3203,51.88,92.97
9/27/17,1283.4,2507.04,6453.2598,22340.7109,52.14,93.36
9/28/17,1285.5,2510.0601,6453.4502,22381.1992,51.56,93.09
9/29/17,1281.5,2519.3601,6495.96,22405.0898,51.67,93.08
10/2/17,1272.7,2529.1201,6516.7202,22557.5996,50.58,93.56
10/3/17,1271.5,2534.5801,6531.71,22641.6699,50.42,93.57
10/4/17,1273.7,2537.74,6534.6299,22661.6406,49.98,93.46
10/5/17,1269.9,2552.0701,6585.3599,22775.3906,50.79,93.96
10/6/17,1271.6,2549.3301,6590.1802,22773.6699,49.29,93.8
10/9/17,1281.8,2544.73,6579.73,22761.0703,49.58,93.74
10/10/17,1290.6,2550.6399,6587.25,22830.6797,50.92,93.29
10/11/17,1285.8,2555.24,6603.5498,22872.8906,51.3,92.96
10/12/17,1293.3,2550.9299,6591.5098,22841.0098,50.6,93.12
10/13/17,1301.5,2553.1699,6605.7998,22871.7207,51.45,93.09
10/16/17,1299.9,2557.6399,6624,22956.9609,51.87,93.28
10/17/17,1283,2559.3601,6623.6602,22997.4395,51.88,93.49
10/18/17,1279.9,2561.26,6624.2202,23157.5996,52.04,93.36
10/19/17,1286.9,2562.1001,6605.0698,23163.0391,51.29,93.27
10/20/17,1277.4,2575.21,6629.0498,23328.6309,51.47,93.7
10/23/17,1277.7,2564.98,6586.8301,23273.9609,51.9,93.94
10/24/17,1275,2569.1299,6598.4302,23441.7598,52.47,93.96
10/25/17,1275.4,2557.1499,6563.8901,23329.4609,52.18,93.71
10/26/17,1266.3,2560.3999,6556.77,23400.8594,52.64,94.61
10/27/17,1268.5,2581.0701,6701.2598,23434.1895,53.9,94.92
10/30/17,1274.1,2572.8301,6698.96,23348.7402,54.15,94.49
10/31/17,1267,2575.26,6727.6699,23377.2402,54.38,94.55
11/1/17,1274.1,2579.3601,6716.5298,23435.0098,54.3,94.82
11/2/17,1274.9,2579.8501,6714.9399,23516.2598,54.54,94.69
11/3/17,1266.5,2587.8401,6764.4399,23539.1895,55.64,94.94
11/6/17,1279.4,2591.1299,6786.4399,23548.4199,57.35,94.72
11/7/17,1273.7,2590.6399,6767.7798,23557.2305,57.2,94.91
11/8/17,1281.6,2594.3799,6789.1201,23563.3594,56.81,94.87
11/9/17,1285.6,2584.6201,6750.0498,23461.9395,57.17,94.44
11/10/17,1272.4,2582.3,6750.9399,23422.2109,56.74,94.39
11/13/17,1277.3,2584.8401,6757.6001,23439.6992,56.76,94.49
11/14/17,1281.5,2578.8701,6737.8701,23409.4707,55.7,93.83
11/15/17,1276.5,2564.6201,6706.21,23271.2793,55.33,93.81
11/16/17,1277.4,2585.6399,6793.29,23458.3594,55.14,93.93
11/17/17,1295.8,2578.8501,6782.79,23358.2402,56.55,93.66
11/20/17,1274.6,2582.1399,6790.71,23430.3301,56.09,94.08
11/21/17,1281.1,2599.03,6862.48,23590.8301,56.83,93.95
11/22/17,1291.6,2597.0801,6867.3599,23526.1797,58.02,93.22
11/24/17,1286.7,2602.4199,6889.1602,23557.9902,58.95,92.76
11/27/17,1293.8,2601.4199,6878.52,23580.7793,58.11,92.9
11/28/17,1294.7,2627.04,6912.3599,23836.7109,57.99,93.26
11/29/17,1282.1,2626.0701,6824.3901,23940.6797,57.3,93.26
11/30/17,1273.2,2647.5801,6873.9702,24272.3496,57.4,93.01
12/1/17,1278.8,2642.22,6847.5898,24231.5898,58.36,92.9
12/4/17,1274.3,2639.4399,6775.3701,24290.0508,57.47,93.19
12/5/17,1261.6,2629.5701,6762.21,24180.6406,57.62,93.38
12/6/17,1262.8,2629.27,6776.3799,24140.9102,55.96,93.61
12/7/17,1249.8,2636.98,6812.8398,24211.4805,56.69,93.8
12/8/17,1245.2,2651.5,6840.0801,24329.1602,57.36,93.9
12/11/17,1243.7,2659.99,6875.0801,24386.0293,57.99,93.87
12/12/17,1238.5,2664.1101,6862.3198,24504.8008,57.14,94.1
12/13/17,1245.4,2662.8501,6875.7998,24585.4297,56.6,93.43
12/14/17,1253.8,2652.01,6856.5298,24508.6602,57.04,93.49
12/15/17,1254.3,2675.8101,6936.5801,24651.7402,57.3,93.93
12/18/17,1262.2,2690.1599,6994.7598,24792.1992,57.16,93.7
12/19/17,1260.7,2681.47,6963.8501,24754.75,57.46,93.47
12/20/17,1266.1,2679.25,6960.96,24726.6504,58.09,93.35
12/21/17,1267.3,2684.5701,6965.3599,24782.2891,58.36,93.28
12/22/17,1275.4,2683.3401,6959.96,24754.0605,58.47,93.35
12/26/17,1284.1,2680.5,6936.25,24746.2109,59.97,93.26
12/27/17,1287,2682.6201,6939.3398,24774.3008,59.64,93.03
12/28/17,1294.1,2687.54,6950.1602,24837.5098,59.84,92.6
12/29/17,1306.3,2673.6101,6903.3901,24719.2207,60.42,92.12
1/2/18,1313.7,2695.8101,7006.8999,24824.0098,60.37,91.85
1/3/18,1316.2,2713.0601,7065.5298,24922.6797,61.63,92.16
1/4/18,1319.4,2723.99,7077.9102,25075.1309,62.01,91.85
1/5/18,1320.3,2743.1499,7136.5601,25295.8691,61.44,91.95
1/8/18,1318.6,2747.71,7157.3901,25283,61.73,92.33
1/9/18,1311.7,2751.29,7163.5801,25385.8008,62.96,92.53
1/10/18,1317.4,2748.23,7153.5698,25369.1309,63.57,92.33
1/11/18,1320.6,2767.5601,7211.7798,25574.7305,63.8,91.85
1/12/18,1333.4,2786.24,7261.0601,25803.1895,64.3,90.97
1/16/18,1335.4,2776.4199,7223.6899,25792.8594,63.73,90.39
1/17/18,1338,2802.5601,7298.2798,26115.6504,63.97,90.54
1/18/18,1326,2798.03,7296.0498,26017.8105,63.95,90.5
1/19/18,1331.9,2810.3,7336.3799,26071.7207,63.37,90.57
1/22/18,1330.9,2832.97,7408.0298,26214.5996,63.49,90.4
1/23/18,1335.7,2839.1299,7460.29,26210.8105,64.47,90.12
1/24/18,1355.9,2837.54,7415.0601,26252.1191,65.61,89.21
1/25/18,1362.4,2839.25,7411.1602,26392.7891,65.51,89.39
1/26/18,1351.6,2872.8701,7505.77,26616.7109,66.14,89.07
1/29/18,1351.6,2853.53,7466.5098,26439.4805,65.56,89.31
1/30/18,1335.4,2822.4299,7402.48,26076.8906,64.5,89.19
1/31/18,1339,2823.8101,7411.48,26149.3906,64.73,89.13
2/1/18,1344.3,2821.98,7385.8599,26186.7109,65.8,88.67
2/2/18,1333.7,2762.1299,7240.9502,25520.9609,65.45,89.2
2/5/18,1333,2648.9399,6967.5298,24345.75,64.15,89.55
2/6/18,1326.1,2695.1399,7115.8799,24912.7695,63.39,89.59
2/7/18,1311.6,2681.6599,7051.98,24893.3496,61.79,90.26
2/8/18,1316.9,2581,6777.1602,23860.4609,61.15,90.23
2/9/18,1313.1,2619.55,6874.4902,24190.9004,59.2,90.44
2/12/18,1324.2,2656,6981.96,24601.2695,59.29,90.21
2/13/18,1328.1,2662.9399,7013.5098,24640.4492,59.19,89.7
2/14/18,1355.5,2698.6299,7143.6201,24893.4902,60.6,89.12
2/15/18,1352.1,2731.2,7256.4302,25200.3691,61.34,88.59
2/16/18,1353.2,2732.22,7239.4702,25219.3809,61.68,89.1
2/20/18,1328.8,2716.26,7234.3101,24964.75,61.9,89.72
2/21/18,1330,2701.3301,7218.23,24797.7793,61.68,90.08
2/22/18,1330.6,2703.96,7210.0898,24962.4805,62.77,89.75
2/23/18,1328.2,2747.3,7337.3901,25309.9902,63.55,89.88
2/26/18,1330.7,2779.6001,7421.46,25709.2695,63.91,89.82
2/27/18,1315.5,2744.28,7330.3501,25410.0293,63.01,90.36
2/28/18,1315.5,2713.8301,7273.0098,25029.1992,61.64,90.61
3/1/18,1302.9,2677.6699,7180.5601,24608.9805,60.99,90.32
3/2/18,1321.1,2691.25,7257.8701,24538.0605,61.25,89.94
3/5/18,1318.1,2720.9399,7330.71,24874.7598,62.57,90.08
3/6/18,1333.6,2728.1201,7372.0098,24884.1191,62.6,89.62
3/7/18,1326,2726.8,7396.6499,24801.3594,61.15,89.64
3/8/18,1319.9,2738.97,7427.9502,24895.2109,60.12,90.12
3/9/18,1322.4,2786.5701,7560.8101,25335.7402,62.04,90.09
3/12/18,1319.4,2783.02,7588.3198,25178.6094,61.36,89.9
3/13/18,1325.9,2765.3101,7511.0098,25007.0293,60.71,89.66
3/14/18,1324.4,2749.48,7496.8101,24758.1191,60.96,89.7
3/15/18,1316.8,2747.3301,7481.7402,24873.6602,61.19,90.14
3/16/18,1311.3,2752.01,7481.9902,24946.5098,62.34,90.23
3/19/18,1316.8,2712.9199,7344.2402,24610.9102,62.06,89.9
3/20/18,1311.1,2716.9399,7364.2998,24727.2695,63.4,90.37
3/21/18,1320.7,2711.9299,7345.29,24682.3105,65.17,89.78
3/22/18,1326.6,2643.6899,7166.6802,23957.8906,64.3,89.86
3/23/18,1349.3,2588.26,6992.6699,23533.1992,65.88,89.44
3/26/18,1354.4,2658.55,7220.54,24202.5996,65.55,89.03
3/27/18,1341.3,2612.6201,7008.8101,23857.7109,65.25,89.37
3/28/18,1324.2,2605,6949.23,23848.4199,64.38,90.06
3/29/18,1322.8,2640.8701,7063.4502,24103.1094,64.94,90.15
4/2/18,1342.1,2581.8799,6870.1201,23644.1895,63.01,90.05
4/3/18,1332.8,2614.45,6941.2798,24033.3594,63.51,90.2
4/4/18,1335.8,2644.6899,7042.1099,24264.3008,63.37,90.14
4/5/18,1324.3,2662.8401,7076.5498,24505.2207,63.54,90.46
4/6/18,1331.9,2604.47,6915.1099,23932.7598,62.06,90.11
4/9/18,1336.3,2613.1599,6950.3398,23979.0996,63.42,89.84
4/10/18,1342,2656.8701,7094.2998,24408,65.51,89.59
4/11/18,1356.5,2642.1899,7069.0298,24189.4492,66.82,89.57
4/12/18,1338.4,2663.99,7140.25,24483.0508,67.07,89.75
4/13/18,1344.8,2656.3,7106.6499,24360.1406,67.39,89.8
4/16/18,1347.5,2677.8401,7156.2798,24573.0391,66.22,89.43
4/17/18,1347.2,2706.3899,7281.1001,24786.6309,66.52,89.52
4/18/18,1351.2,2708.6399,7295.2402,24748.0703,68.47,89.62
4/19/18,1346.8,2693.1299,7238.0601,24664.8906,68.29,89.94
4/20/18,1336.7,2670.1399,7146.1299,24462.9395,68.38,90.32
4/23/18,1322.5,2670.29,7128.6001,24448.6895,68.64,90.94
4/24/18,1331.4,2634.5601,7007.3501,24024.1309,67.7,90.77
4/25/18,1321.2,2639.3999,7003.7402,24083.8301,68.05,91.17
4/26/18,1316.3,2666.9399,7118.6802,24322.3398,68.19,91.56
4/27/18,1320.3,2669.9099,7119.7998,24311.1895,68.1,91.54
4/30/18,1316.2,2648.05,7066.27,24163.1504,68.57,91.84
5/1/18,1303.8,2654.8,7130.7002,24099.0508,67.25,92.45
5/2/18,1302.6,2635.6699,7100.8999,23924.9805,67.93,92.51
5/3/18,1310.7,2629.73,7088.1499,23930.1504,68.43,92.41
5/4/18,1312.7,2663.4199,7209.6201,24262.5098,69.72,92.57
5/7/18,1312.2,2672.6299,7265.21,24357.3203,70.73,92.75
5/8/18,1312,2671.9199,7266.8999,24360.2109,69.06,93.12
5/9/18,1311.3,2697.79,7339.9102,24542.5391,71.14,93.04
5/10/18,1320.8,2723.0701,7404.9702,24739.5293,71.36,92.65
5/11/18,1319,2727.72,7402.8799,24831.1699,70.7,92.54
5/14/18,1316.5,2730.1299,7411.3198,24899.4102,70.96,92.59
5/15/18,1288.9,2711.45,7351.6299,24706.4102,71.31,93.22
5/16/18,1290.2,2722.46,7398.2998,24768.9297,71.49,93.39
5/17/18,1288.2,2720.1299,7382.4702,24713.9805,71.49,93.47
5/18/18,1290.2,2712.97,7354.3398,24715.0898,71.28,93.64
5/21/18,1290.2,2733.01,7394.04,25013.2891,72.24,93.68
5/22/18,1291.7,2724.4399,7378.46,24834.4102,72.13,93.61
5/23/18,1289.3,2733.29,7425.96,24886.8105,71.84,94.01
5/24/18,1303.7,2727.76,7424.4302,24811.7598,70.71,93.78
5/25/18,1303.3,2721.3301,7433.8501,24753.0898,67.88,94.19
5/29/18,1298.7,2689.8601,7396.5898,24361.4492,66.73,94.83
5/30/18,1301.5,2724.01,7462.4502,24667.7793,68.21,94.15
5/31/18,1300.1,2705.27,7442.1201,24415.8398,67.04,93.99
6/1/18,1294.8,2734.6201,7554.3301,24635.2109,65.81,94.19
6/4/18,1293.1,2746.8701,7606.46,24813.6895,64.75,94.02
6/5/18,1297.5,2748.8,7637.8599,24799.9805,65.52,93.89
6/6/18,1297.1,2772.3501,7689.2402,25146.3906,64.73,93.66
6/7/18,1298.7,2770.3701,7635.0698,25241.4102,65.95,93.4
6/8/18,1298.1,2779.03,7645.5098,25316.5293,65.74,93.55
6/11/18,1298.9,2782,7659.9302,25322.3105,66.1,93.58
6/12/18,1295.1,2786.8501,7703.79,25320.7305,66.36,93.8
6/13/18,1296.9,2775.6299,7695.7002,25201.1992,66.64,93.71
6/14/18,1304,2782.49,7761.04,25175.3105,66.89,94.77
6/15/18,1274.6,2779.6599,7746.3799,25090.4805,65.06,94.79
6/18/18,1276.2,2773.75,7747.0298,24987.4707,65.85,94.75
6/19/18,1275.6,2762.5901,7725.5898,24700.2109,65.07,95.09
6/20/18,1271.2,2767.3201,7781.5098,24657.8008,66.22,95.06
6/21/18,1267.2,2749.76,7712.9502,24461.6992,65.54,94.87
6/22/18,1267.4,2754.8799,7692.8198,24580.8906,68.58,94.52
6/25/18,1265.6,2717.0701,7532.0098,24252.8008,68.08,94.28
6/26/18,1256.6,2723.0601,7561.6299,24283.1094,70.53,94.68
6/27/18,1252.8,2699.6299,7445.0801,24117.5898,72.76,95.29
6/28/18,1247.8,2716.3101,7503.6802,24216.0508,73.45,95.39
6/29/18,1251.3,2718.3701,7510.2998,24271.4102,74.15,94.63
7/2/18,1239.8,2726.71,7567.6899,24307.1797,73.94,94.87
7/3/18,1251.6,2713.22,7502.6699,24174.8203,74.14,94.59
7/5/18,1257.3,2736.6101,7586.4302,24356.7402,72.94,94.47
7/6/18,1254.3,2759.8201,7688.3901,24456.4805,73.8,94.04
7/9/18,1258.1,2784.1699,7756.2002,24776.5898,73.85,94.08
7/10/18,1253.8,2793.8401,7759.2002,24919.6602,74.11,94.11
7/11/18,1242.8,2774.02,7716.6099,24700.4492,70.38,94.72
7/12/18,1245,2798.29,7823.9199,24924.8906,70.33,94.81
7/13/18,1239.6,2801.3101,7825.98,25019.4102,71.01,94.75
7/16/18,1238.1,2798.4299,7805.7202,25064.3594,68.06,94.51
7/17/18,1225.7,2809.55,7855.1201,25119.8906,68.08,94.97
7/18/18,1226.3,2815.6201,7854.4399,25199.2891,68.76,95.08
7/19/18,1222.4,2804.49,7825.2998,25064.5,69.46,95.17
7/20/18,1229.5,2801.8301,7820.2002,25058.1191,70.46,94.46
7/23/18,1224,2806.98,7841.8701,25044.2891,67.89,94.67
7/24/18,1223.9,2820.3999,7840.77,25241.9395,68.52,94.61
7/25/18,1231.4,2846.0701,7932.2402,25414.0996,69.3,94.36
7/26/18,1225.3,2837.4399,7852.1802,25527.0703,69.61,94.75
7/27/18,1222.6,2818.8201,7737.4199,25451.0605,68.69,94.68
7/30/18,1221.3,2802.6001,7630,25306.8301,70.13,94.36
7/31/18,1223.7,2816.29,7671.79,25415.1895,68.76,94.49
8/1/18,1217.9,2813.3601,7707.29,25333.8203,67.66,94.62
8/2/18,1210.6,2827.22,7802.6899,25326.1602,68.96,95.17
8/3/18,1214.2,2840.3501,7812.0098,25462.5801,68.49,95.14
8/6/18,1208.6,2850.3999,7859.6802,25502.1797,69.01,95.36
8/7/18,1209.6,2858.45,7883.6602,25628.9102,69.17,95.22
8/8/18,1212.6,2857.7,7888.3301,25583.75,66.94,95.1
8/9/18,1211.9,2853.5801,7891.7798,25509.2305,66.81,95.5
8/10/18,1211.1,2833.28,7839.1099,25313.1406,67.63,96.36
8/13/18,1191.3,2821.9299,7819.71,25187.6992,67.2,96.39
8/14/18,1193,2839.96,7870.8901,25299.9199,67.04,96.73
8/15/18,1177.5,2818.3701,7774.1201,25162.4102,65.01,96.7
8/16/18,1176.2,2840.6899,7806.52,25558.7305,65.46,96.65
8/17/18,1176.5,2850.1299,7816.3301,25669.3203,65.91,96.1
8/20/18,1186.8,2857.05,7821.0098,25758.6895,66.43,95.9
8/21/18,1192.6,2862.96,7859.1699,25822.2891,67.35,95.26
8/22/18,1196.3,2861.8201,7889.1001,25733.5996,67.86,95.15
8/23/18,1187,2856.98,7878.46,25656.9805,67.83,95.62
8/24/18,1206.3,2874.6899,7945.98,25790.3496,68.72,95.15
8/27/18,1209,2896.74,8017.8999,26049.6406,68.87,94.78
8/28/18,1207.4,2897.52,8030.04,26064.0195,68.53,94.72
8/29/18,1204.5,2914.04,8109.6899,26124.5703,69.51,94.6
8/30/18,1197.7,2901.1299,8088.3599,25986.9199,70.25,94.72
8/31/18,1200.3,2901.52,8109.54,25964.8203,69.8,95.14
9/4/18,1192.7,2896.72,8091.25,25952.4805,69.87,95.42
9/5/18,1194.9,2888.6001,7995.1699,25974.9902,68.72,95.13
9/6/18,1197.9,2878.05,7922.73,25995.8691,67.77,95.02
9/7/18,1193.6,2871.6799,7902.54,25916.5391,67.75,95.37
9/10/18,1193,2877.1299,7924.1602,25857.0703,67.54,95.15
9/11/18,1195.4,2887.8899,7972.4702,25971.0605,69.25,95.06
9/12/18,1204.7,2888.9199,7954.23,25998.9199,70.37,94.8
9/13/18,1202,2904.1799,8013.71,26145.9902,68.59,94.54
9/14/18,1195,2904.98,8010.04,26154.6699,68.99,94.98
9/17/18,1199.7,2888.8,7895.79,26062.1191,68.91,94.51
9/18/18,1196.8,2904.3101,7956.1099,26246.9609,69.85,94.62
9/19/18,1202.2,2907.95,7950.04,26405.7598,71.12,94.55
9/20/18,1206.2,2930.75,8028.23,26656.9805,70.8,93.91
9/21/18,1196.2,2929.6699,7986.96,26743.5,70.78,94.22
9/24/18,1199.3,2919.3701,7993.25,26562.0508,72.08,94.26
9/25/18,1200,2915.5601,8007.4702,26492.2109,72.28,94.13
9/26/18,1194,2905.97,7990.3701,26385.2793,71.57,94.19
9/27/18,1182.3,2914,8041.9702,26439.9297,72.12,95
9/28/18,1191.5,2913.98,8046.3501,26458.3105,73.25,95.19
10/1/18,1187.1,2924.5901,8037.2998,26651.2109,75.3,95.3
10/2/18,1202.4,2923.4299,7999.5498,26773.9395,75.23,95.51
10/3/18,1198.3,2925.51,8025.0898,26828.3906,76.41,95.76
10/4/18,1197.2,2901.6101,7879.5098,26627.4805,74.33,95.75
10/5/18,1201.2,2885.5701,7788.4502,26447.0508,74.34,95.62
10/8/18,1184.4,2884.4299,7735.9502,26486.7793,74.29,95.77
10/9/18,1187.2,2880.3401,7738.02,26430.5703,74.96,95.68
10/10/18,1189.3,2785.6799,7422.0498,25598.7402,73.17,95.51
10/11/18,1223.5,2728.3701,7329.0601,25052.8301,70.97,95.02
10/12/18,1218.1,2767.1299,7496.8901,25339.9902,71.34,95.22
10/15/18,1226.4,2750.79,7430.7402,25250.5508,71.78,95.07
10/16/18,1227.3,2809.9199,7645.4902,25798.4199,71.92,95.05
10/17/18,1223.7,2809.21,7642.7002,25706.6797,69.75,95.58
10/18/18,1226.5,2768.78,7485.1401,25379.4492,68.65,95.9
10/19/18,1225.3,2767.78,7449.0298,25444.3398,69.12,95.71
10/22/18,1221.2,2755.8799,7468.6299,25317.4102,69.17,96.01
10/23/18,1233.4,2740.6899,7437.54,25191.4297,66.43,95.96
10/24/18,1227.8,2656.1001,7108.3999,24583.4199,66.82,96.43
10/25/18,1229.1,2705.5701,7318.3398,24984.5508,67.33,96.68
10/26/18,1232.5,2658.6899,7167.21,24688.3105,67.59,96.36
10/29/18,1224.5,2641.25,7050.29,24442.9199,67.04,96.58
10/30/18,1222.6,2682.6299,7161.6499,24874.6406,66.18,97.01
10/31/18,1212.3,2711.74,7305.8999,25115.7598,65.31,97.13
11/1/18,1236,2740.3701,7434.0601,25380.7402,63.69,96.28
11/2/18,1230.9,2723.0601,7356.9902,25270.8301,63.14,96.54
11/5/18,1229.8,2738.3101,7328.8501,25461.6992,63.1,96.35
11/6/18,1223.8,2755.45,7375.96,25635.0098,62.21,96.32
11/7/18,1226.2,2813.8899,7570.75,26180.3008,61.67,96
11/8/18,1222.9,2806.8301,7530.8799,26191.2207,60.67,96.64
11/9/18,1206.4,2781.01,7406.8999,25989.3008,60.19,96.91
11/12/18,1201.3,2726.22,7200.8701,25387.1797,59.93,97.54
11/13/18,1199.2,2722.1799,7200.8701,25286.4902,55.69,97.3
11/14/18,1207.9,2701.5801,7136.3901,25080.5,56.25,96.8
11/15/18,1212.8,2730.2,7259.0298,25289.2695,56.46,96.93
11/16/18,1220.8,2736.27,7247.8701,25413.2207,56.46,96.47
11/19/18,1223.1,2690.73,7028.48,25017.4395,56.76,96.19
11/20/18,1219,2641.8899,6908.8198,24465.6406,53.43,96.81
11/21/18,1225.8,2649.9299,6972.25,24464.6895,54.63,96.71
11/23/18,1221,2632.5601,6938.98,24285.9492,50.42,96.92
11/26/18,1220.2,2673.45,7081.8501,24640.2402,51.63,97.07
11/27/18,1211.2,2682.1699,7082.7002,24748.7305,51.56,97.37
11/28/18,1221.4,2743.79,7291.5898,25366.4297,50.29,96.79
11/29/18,1224.1,2737.8,7273.0801,25338.8398,51.45,96.78
11/30/18,1220.2,2760.1699,7330.54,25538.4609,50.93,97.27
12/3/18,1233.9,2790.3701,7441.5098,25826.4297,52.95,97.04
12/4/18,1241.1,2700.0601,7158.4302,25027.0703,53.25,96.97
12/6/18,1238.1,2695.95,7188.2598,24947.6699,51.49,96.81
12/7/18,1246.8,2633.0801,6969.25,24388.9492,52.61,96.51
12/10/18,1243.7,2637.72,7020.52,24423.2598,51,97.22
12/11/18,1241.9,2636.78,7031.8301,24370.2402,51.65,97.39
12/12/18,1244.4,2651.0701,7098.3101,24527.2695,51.15,97.04
12/13/18,1242.7,2650.54,7070.3301,24597.3809,52.58,97.06
12/14/18,1237,2599.95,6910.6602,24100.5098,51.2,97.44
12/17/18,1247.4,2545.9399,6753.73,23592.9805,49.88,97.1
12/18/18,1249.2,2546.1599,6783.9102,23675.6406,46.24,97.14
12/19/18,1252.1,2506.96,6636.8301,23323.6602,47.2,97.04
12/20/18,1263.6,2467.4199,6528.4102,22859.5996,45.88,96.28
12/21/18,1253.8,2416.6201,6332.9902,22445.3691,45.59,96.96
12/24/18,1267.5,2351.1001,6192.9199,21792.1992,42.53,96.55
12/26/18,1269.2,2467.7,6554.3599,22878.4492,46.22,97.05
12/27/18,1277.3,2488.8301,6579.4902,23138.8203,44.61,96.48
12/28/18,1279.9,2485.74,6584.52,23062.4004,45.33,96.39
12/31/18,1278.3,2506.8501,6635.2798,23327.4609,45.41,96.17
1/2/19,1281,2510.03,6665.9399,23346.2402,46.54,96.82
1/3/19,1291.8,2447.8899,6463.5,22686.2207,47.09,96.31
1/4/19,1282.7,2531.9399,6738.8599,23433.1602,47.96,96.19
1/7/19,1286.8,2549.6899,6823.4702,23531.3496,48.52,95.71
1/8/19,1283.2,2574.4099,6897,23787.4492,49.78,95.9
1/9/19,1289.3,2584.96,6957.0801,23879.1191,52.36,95.22
1/10/19,1284.7,2596.6399,6986.0698,24001.9199,52.59,95.54
1/11/19,1287.1,2596.26,6971.48,23995.9492,51.59,95.67
1/14/19,1289.1,2582.6101,6905.9199,23909.8398,50.51,95.59
1/15/19,1286.2,2610.3,7023.8301,24065.5898,52.11,95.97
1/16/19,1291.6,2616.1001,7034.6899,24207.1602,52.31,96.06
1/17/19,1291,2635.96,7084.46,24370.0996,52.07,96.07
1/18/19,1281.3,2670.71,7157.23,24706.3496,53.8,96.34
1/22/19,1282.5,2632.8999,7020.3599,24404.4805,52.57,96.3
1/23/19,1283.1,2638.7,7025.77,24575.6191,52.62,96.12
1/24/19,1279.1,2642.3301,7073.46,24553.2402,53.13,96.6
1/25/19,1297.4,2664.76,7164.8599,24737.1992,53.69,95.79
1/28/19,1302.4,2643.8501,7085.6802,24528.2207,51.99,95.75
1/29/19,1308.2,2640,7028.29,24579.9609,53.31,95.82
1/30/19,1309.9,2681.05,7183.0801,25014.8594,54.23,95.34
1/31/19,1319.7,2704.1001,7281.7402,24999.6699,53.79,95.58
2/1/19,1316.9,2706.53,7263.8701,25063.8906,55.26,95.58
2/4/19,1314.3,2724.8701,7347.54,25239.3691,54.56,95.85
2/5/19,1314.2,2737.7,7402.0801,25411.5195,53.66,96.1
2/6/19,1309.5,2731.6101,7375.2798,25390.3008,54.01,96.42
2/7/19,1309.4,2706.05,7288.3501,25169.5293,52.64,96.51
2/8/19,1313.7,2707.8799,7298.2002,25106.3301,52.72,96.64
2/11/19,1307,2709.8,7307.8999,25053.1094,52.41,97.06
2/12/19,1309.2,2744.73,7414.6201,25425.7598,53.1,96.71
2/13/19,1310.8,2753.03,7420.3799,25543.2695,53.9,97.13
2/14/19,1309.8,2745.73,7426.9502,25439.3906,54.41,96.98
2/15/19,1318.1,2775.6001,7472.4102,25883.25,55.59,96.92
2/19/19,1340.1,2779.76,7486.77,25891.3203,56.09,96.52
2/20/19,1343.3,2784.7,7489.0698,25954.4395,56.92,96.45
2/21/19,1323.5,2774.8799,7459.71,25850.6309,56.96,96.61
2/22/19,1329.2,2792.6699,7527.54,26031.8105,57.26,96.51
2/25/19,1325.9,2796.1101,7554.46,26091.9492,55.48,96.41
2/26/19,1325.1,2793.8999,7549.2998,26057.9805,55.5,96
2/27/19,1317.7,2792.3799,7554.5098,25985.1602,56.94,96.15
2/28/19,1312.8,2784.49,7532.5298,25916,57.22,96.16
3/1/19,1296.4,2803.6899,7595.3501,26026.3203,55.8,96.53
3/4/19,1284.8,2792.8101,7577.5698,25819.6504,56.59,96.68
3/5/19,1282,2789.6499,7576.3599,25806.6309,56.56,96.85
3/6/19,1284.9,2771.45,7505.9199,25673.4609,56.22,96.87
3/7/19,1283.8,2748.9299,7421.46,25473.2305,56.66,97.67
3/8/19,1297,2743.0701,7408.1401,25450.2402,56.07,97.37
3/11/19,1288.8,2783.3,7558.0601,25650.8809,56.79,97.22
3/12/19,1296.3,2791.52,7591.0298,25554.6602,56.87,96.94
3/13/19,1307.5,2810.9199,7643.4102,25702.8906,58.26,96.55
3/14/19,1293.4,2808.48,7630.9102,25709.9395,58.61,96.79
3/15/19,1301.8,2822.48,7688.5298,25848.8691,58.52,96.6
3/18/19,1300.3,2832.9399,7714.48,25914.0996,59.09,96.52
3/19/19,1305,2832.5701,7723.9502,25887.3809,59.03,96.38
3/20/19,1300.5,2824.23,7728.9702,25745.6699,59.83,95.76
3/21/19,1306.1,2854.8799,7838.96,25962.5098,59.98,96.5
3/22/19,1311.6,2800.71,7642.6699,25502.3203,59.04,96.65
3/25/19,1321.9,2798.3601,7637.54,25516.8301,58.82,96.57
3/26/19,1314.3,2818.46,7691.52,25657.7305,59.94,96.74
3/27/19,1309.9,2805.3701,7643.3799,25625.5898,59.41,96.77
3/28/19,1289.8,2815.4399,7669.1699,25717.4609,59.3,97.2
3/29/19,1293,2834.3999,7729.3198,25928.6797,60.14,97.28
4/1/19,1288.4,2867.1899,7828.9102,26258.4199,61.59,97.25
4/2/19,1290,2867.24,7848.6899,26179.1309,62.58,97.36
4/3/19,1289.9,2873.3999,7895.5498,26218.1309,62.46,97.09
4/4/19,1289,2879.3899,7891.7798,26384.6309,62.1,97.31
4/5/19,1290.4,2892.74,7938.6899,26424.9902,63.08,97.4
4/8/19,1297.1,2895.77,7953.8799,26341.0195,64.4,97.05
4/9/19,1303.5,2878.2,7909.2798,26150.5801,63.98,97.01
4/10/19,1309.1,2888.21,7964.2402,26157.1602,64.61,96.95
4/11/19,1288.6,2888.3201,7947.3599,26143.0508,63.58,97.18
4/12/19,1290.6,2907.4099,7984.1602,26412.3008,63.89,96.97
4/15/19,1286.8,2905.5801,7976.0098,26384.7695,63.4,96.94
4/16/19,1272.6,2907.0601,8000.23,26452.6602,64.05,97.04
4/17/19,1272.2,2900.45,7996.0801,26449.5391,63.76,97.01
4/18/19,1271.9,2905.03,7998.0601,26559.5391,64,97.47
4/22/19,1273.5,2907.97,8015.27,26511.0508,65.7,97.28
4/23/19,1269.3,2933.6799,8120.8198,26656.3906,66.3,97.57
4/24/19,1275.5,2927.25,8102.0098,26597.0508,65.89,98.1
4/25/19,1275.8,2926.1699,8118.6802,26462.0801,65.21,98.2
4/26/19,1284.9,2939.8799,8146.3999,26543.3301,63.3,98.01
4/29/19,1278.6,2943.03,8161.8501,26554.3906,63.5,97.86
4/30/19,1282.8,2945.8301,8095.3901,26592.9102,63.91,97.48
5/1/19,1281.4,2923.73,8049.6401,26430.1406,63.6,97.69
5/2/19,1269.7,2917.52,8036.77,26307.7891,61.81,97.83
5/3/19,1279.2,2945.6399,8164,26504.9492,61.94,97.52
5/6/19,1281.7,2932.47,8123.29,26438.4805,62.25,97.52
5/7/19,1283.5,2884.05,7963.7598,25965.0898,61.4,97.63
5/8/19,1279.4,2879.4199,7943.3198,25967.3301,62.12,97.62
5/9/19,1283.5,2870.72,7910.5898,25828.3594,61.7,97.37
5/10/19,1285.7,2881.3999,7916.9399,25942.3691,61.66,97.33
5/13/19,1300.1,2811.8701,7647.02,25324.9902,61.04,97.32
5/14/19,1294.7,2834.4099,7734.4902,25532.0508,61.78,97.53
5/15/19,1296.3,2850.96,7822.1499,25648.0195,62.02,97.57
5/16/19,1285,2876.3201,7898.0498,25862.6797,62.87,97.84
5/17/19,1274.5,2859.53,7816.2798,25764,62.76,98
5/20/19,1276.1,2840.23,7702.3799,25679.9004,63.1,97.93
5/21/19,1272,2864.3601,7785.7202,25877.3301,62.99,98.06
5/22/19,1273.6,2856.27,7750.8398,25776.6094,61.42,98.11
5/23/19,1284.8,2822.24,7628.2798,25490.4707,57.91,97.85
5/24/19,1283,2826.0601,7637.0098,25585.6895,58.63,97.61
5/28/19,1276.5,2802.3899,7607.3501,25347.7695,59.14,97.96
5/29/19,1280.6,2783.02,7547.3101,25126.4102,58.81,98.14
5/30/19,1287.1,2788.8601,7567.7202,25169.8809,56.59,98.14
5/31/19,1305.8,2752.0601,7453.1499,24815.0391,53.5,97.75
6/3/19,1322.7,2744.45,7333.02,24819.7793,53.25,97.14
6/4/19,1323.4,2803.27,7527.1201,25332.1797,53.48,97.07
6/5/19,1328.3,2826.1499,7575.48,25539.5703,51.68,97.37
6/6/19,1337.6,2843.49,7615.5498,25720.6602,52.59,97.03
6/7/19,1341.2,2873.3401,7742.1001,25983.9395,53.99,96.61
6/10/19,1324.7,2886.73,7823.1699,26062.6797,53.26,96.76
6/11/19,1326.4,2885.72,7822.5698,26048.5098,53.27,96.69
6/12/19,1331.9,2879.8401,7792.7202,26004.8301,51.14,97
6/13/19,1339.2,2891.6399,7837.1299,26106.7695,52.28,97.01
6/14/19,1340.1,2886.98,7796.6602,26089.6094,52.51,97.57
6/17/19,1338.7,2889.6699,7845.02,26112.5293,51.93,97.56
6/18/19,1346.6,2917.75,7953.8799,26465.5391,53.9,97.64
6/19/19,1344.6,2926.46,7987.3198,26504,53.76,97.12
6/20/19,1392.9,2954.1799,8051.3398,26753.1699,56.65,96.63
6/21/19,1396.2,2950.46,8031.71,26719.1309,57.43,96.22
6/24/19,1414.3,2945.3501,8005.7002,26727.5391,57.9,95.98
6/25/19,1414.9,2917.3799,7884.7202,26548.2207,57.83,96.16
6/26/19,1411.6,2913.78,7909.9702,26536.8203,59.38,96.21
6/27/19,1408.4,2924.9199,7967.7598,26526.5801,59.43,96.19
6/28/19,1409.7,2941.76,8006.2402,26599.9609,58.47,96.13
7/1/19,1385.6,2964.3301,8091.1602,26717.4297,59.09,96.84
7/2/19,1404.6,2973.01,8109.0898,26786.6797,56.25,96.73
7/3/19,1417.7,2995.8201,8170.23,26966,57.34,96.77
7/5/19,1396.7,2990.4099,8161.79,26922.1191,57.51,97.25
7/8/19,1397,2975.95,8098.3799,26806.1406,57.66,97.38
7/9/19,1397.5,2979.6299,8141.73,26783.4902,57.83,97.49
7/10/19,1410.1,2993.0701,8202.5303,26860.1992,60.43,97.1
7/11/19,1404.3,2999.9099,8196.04,27088.0801,60.2,97.05
7/12/19,1409.9,3013.77,8244.1396,27332.0293,60.21,96.81
7/15/19,1411.4,3014.3,8258.1904,27359.1602,59.58,96.93
7/16/19,1409.2,3004.04,8222.7998,27335.6309,57.62,97.4
7/17/19,1421.3,2984.4199,8185.21,27219.8496,56.78,97.22
7/18/19,1426.1,2995.1101,8207.2402,27222.9707,55.3,96.79
7/19/19,1425.1,2976.6101,8146.4902,27154.1992,55.63,97.15
7/22/19,1425.3,2985.03,8204.1396,27171.9004,56.22,97.26
7/23/19,1420.1,3005.47,8251.4004,27349.1895,56.77,97.71
7/24/19,1422.8,3019.5601,8321.5,27269.9707,55.88,97.73
7/25/19,1413.9,3003.6699,8238.54,27140.9805,56.02,97.82
7/26/19,1418.5,3025.8601,8330.21,27192.4492,56.2,98.01
7/29/19,1419.6,3020.97,8293.3301,27221.3496,56.87,98.04
7/30/19,1429.7,3013.1799,8273.6104,27198.0195,58.05,98.05
7/31/19,1426.1,2980.3799,8175.4199,26864.2695,58.58,98.52
8/1/19,1420.9,2953.5601,8111.1201,26583.4199,53.95,98.39
8/2/19,1445.6,2932.05,8004.0698,26485.0098,55.66,98.1
8/5/19,1464.6,2844.74,7726.04,25717.7402,54.69,97.5
8/6/19,1472.4,2881.77,7833.27,26029.5195,53.63,97.63
8/7/19,1507.3,2883.98,7862.8301,26007.0703,51.09,97.54
8/8/19,1497.7,2938.0901,8039.1602,26378.1895,52.54,97.62
8/9/19,1496.6,2918.6499,7959.1401,26287.4395,54.5,97.49
8/12/19,1505.3,2882.7,7863.4102,25896.4395,54.93,97.38
8/13/19,1502.2,2926.3201,8016.3599,26279.9102,57.1,97.81
8/14/19,1515.9,2840.6001,7773.9399,25479.4199,55.23,97.99
8/15/19,1519.6,2847.6001,7766.6201,25579.3906,54.47,98.14
8/16/19,1512.5,2888.6799,7895.9902,25886.0098,54.87,98.14
8/19/19,1500.4,2923.6499,8002.8101,26135.7891,56.21,98.35
8/20/19,1504.6,2900.51,7948.5601,25962.4395,56.34,98.19
8/21/19,1504.6,2924.4299,8020.21,26202.7305,55.68,98.3
8/22/19,1497.3,2922.95,7991.3901,26252.2402,55.35,98.17
8/23/19,1526.6,2847.1101,7751.77,25628.9004,54.17,97.64
8/26/19,1526.3,2878.3799,7853.7402,25898.8301,53.64,98.08
8/27/19,1541,2869.1599,7826.9502,25777.9004,54.93,98
8/28/19,1537.8,2887.9399,7856.8799,26036.0996,55.78,98.21
8/29/19,1526.5,2924.5801,7973.3901,26362.25,56.71,98.51
8/30/19,1519.1,2926.46,7962.8799,26403.2793,55.1,98.92
9/3/19,1545.9,2906.27,7874.1602,26118.0195,53.94,98.95
9/4/19,1550.3,2937.78,7976.8799,26355.4707,56.26,98.45
9/5/19,1515.4,2976,8116.8301,26728.1504,56.3,98.41
9/6/19,1506.2,2978.71,8103.0698,26797.4609,56.52,98.39
9/9/19,1502.2,2978.4299,8087.4399,26835.5098,57.85,98.28
9/10/19,1490.3,2979.3899,8084.1602,26909.4297,57.4,98.33
9/11/19,1494.4,3000.9299,8169.6802,27137.0391,55.75,98.65
9/12/19,1498.7,3009.5701,8194.4697,27182.4492,55.09,98.31
9/13/19,1490.9,3007.3899,8176.71,27219.5195,54.85,98.26
9/16/19,1503.1,2997.96,8153.54,27076.8203,62.9,98.65
9/17/19,1505.1,3005.7,8186.02,27110.8008,59.34,98.26
9/18/19,1507.5,3006.73,8177.3901,27147.0801,58.11,98.6
9/19/19,1498.4,3006.79,8182.8799,27094.7891,58.13,98.27
9/20/19,1507.3,2992.0701,8117.6699,26935.0703,58.09,98.51
9/23/19,1523.7,2991.78,8112.46,26949.9902,58.64,98.6
9/24/19,1532.1,2966.6001,7993.6299,26807.7695,57.29,98.34
9/25/19,1504.6,2984.8701,8077.3799,26970.7109,56.49,99.04
9/26/19,1507.5,2977.6201,8030.6602,26891.1191,56.41,99.21
9/27/19,1499.1,2961.79,7939.6299,26820.25,55.91,99.11
9/30/19,1465.7,2976.74,7999.3398,26916.8301,54.07,99.38
10/1/19,1482,2940.25,7908.6802,26573.0391,53.62,99.13
10/2/19,1501,2887.6101,7785.25,26078.6191,52.64,99.04
10/3/19,1507.1,2910.6299,7872.2598,26201.0391,52.45,98.86
10/4/19,1506.2,2952.01,7982.4702,26573.7207,52.81,98.81
10/7/19,1497.7,2938.79,7956.29,26478.0195,52.75,98.99
10/8/19,1497.2,2893.0601,7823.7798,26164.0391,52.63,99.14
10/9/19,1506.1,2919.3999,7903.7402,26346.0098,52.59,99.12
10/10/19,1494.8,2938.1299,7950.7798,26496.6699,53.55,98.71
10/11/19,1482.7,2970.27,8057.04,26816.5898,54.7,98.3
10/14/19,1491.7,2966.1499,8048.6499,26787.3594,53.59,98.45
10/15/19,1477.6,2995.6799,8148.71,27024.8008,52.81,98.29
10/16/19,1488,2989.6899,8124.1802,27001.9805,53.36,98.01
10/17/19,1492.3,2997.95,8156.8501,27025.8809,53.93,97.61
10/18/19,1488.2,2986.2,8089.54,26770.1992,53.78,97.28
10/21/19,1482.4,3006.72,8162.9902,26827.6406,53.31,97.33
10/22/19,1481.7,2995.99,8104.2998,26788.0996,54.16,97.53
10/23/19,1489.9,3004.52,8119.79,26833.9492,55.97,97.47
10/24/19,1498.9,3010.29,8185.7998,26805.5293,56.23,97.63
10/25/19,1499.5,3022.55,8243.1201,26958.0605,56.66,97.83
10/28/19,1490,3039.4199,8325.9902,27090.7207,55.81,97.76
10/29/19,1487,3036.8899,8276.8496,27071.4609,55.54,97.69
10/30/19,1493.2,3046.77,8303.9805,27186.6895,55.06,97.65
10/31/19,1511.4,3037.5601,8292.3604,27046.2305,54.18,97.35
11/1/19,1508,3066.9099,8386.4004,27347.3594,56.2,97.24
11/4/19,1508,3078.27,8433.2002,27462.1094,56.54,97.51
11/5/19,1480.8,3074.6201,8434.6797,27492.6309,57.23,97.98
11/6/19,1490.2,3076.78,8410.6299,27492.5605,56.35,97.95
11/7/19,1464.2,3085.1799,8434.5195,27674.8008,57.15,98.14
11/8/19,1461.3,3093.0801,8475.3096,27681.2402,57.24,98.35
11/11/19,1455.5,3087.01,8464.2803,27691.4902,56.86,98.2
11/12/19,1452.1,3091.8401,8486.0898,27691.4902,56.8,98.31
11/13/19,1461.7,3094.04,8482.0996,27783.5898,57.12,98.37
11/14/19,1471.8,3096.6299,8479.0195,27781.9609,56.77,98.16
11/15/19,1467.3,3120.46,8540.8301,28004.8906,57.72,98
11/18/19,1470.9,3122.03,8549.9404,28036.2207,57.05,97.79
11/19/19,1473.3,3120.1799,8570.6602,27934.0195,55.21,97.86
11/20/19,1473.3,3108.46,8526.7305,27821.0898,57.11,97.93
11/21/19,1463.1,3103.54,8506.21,27766.2891,58.58,97.99
11/22/19,1463.1,3110.29,8519.8799,27875.6191,57.77,98.27
11/25/19,1456.6,3133.6399,8632.4902,28066.4707,58.01,98.32
11/26/19,1459.8,3140.52,8647.9297,28121.6797,58.41,98.25
11/27/19,1453.4,3153.6299,8705.1797,28164,58.11,98.41
11/29/19,1465.6,3140.98,8665.4697,28051.4102,55.17,98.27
12/2/19,1462.3,3113.8701,8567.9902,27783.0391,55.96,97.86
12/3/19,1478.2,3093.2,8520.6396,27502.8105,56.1,97.74
12/4/19,1474,3112.76,8566.6699,27649.7793,58.43,97.65
12/5/19,1476.9,3117.4299,8570.7002,27677.7891,58.43,97.41
12/6/19,1459.1,3145.9099,8656.5303,28015.0605,59.2,97.7
12/9/19,1459.3,3135.96,8621.8301,27909.5996,59.02,97.64
12/10/19,1462.6,3132.52,8616.1797,27881.7207,59.24,97.41
12/11/19,1469.4,3141.6299,8654.0498,27911.3008,58.76,97.16
12/12/19,1466.7,3168.5701,8717.3203,28132.0508,59.18,97.4
12/13/19,1475.6,3168.8,8734.8799,28135.3809,60.07,97.17
12/16/19,1475,3191.45,8814.2305,28235.8906,60.21,97.07
12/17/19,1474.6,3192.52,8823.3604,28267.1602,60.94,97.21
12/18/19,1472.6,3191.1399,8827.7402,28239.2793,60.93,97.41
12/19/19,1478.2,3205.3701,8887.2197,28376.9609,61.22,97.42
12/20/19,1474.7,3221.22,8924.96,28455.0898,60.44,97.71
12/23/19,1482.5,3224.01,8945.6504,28551.5293,60.52,97.66
12/24/19,1499.1,3223.3799,8952.8799,28515.4492,61.11,97.65
12/26/19,1509.3,3239.9099,9022.3896,28621.3906,61.68,97.59
12/27/19,1513.8,3240.02,9006.6201,28645.2598,61.72,96.92
12/30/19,1514.5,3221.29,8945.9902,28462.1406,61.68,96.74
12/31/19,1519.5,3230.78,8972.5996,28538.4395,61.06,96.39
1/2/20,1524.5,3257.8501,9092.1904,28868.8008,61.18,96.85
1/3/20,1549.2,3234.8501,9020.7695,28634.8809,63.05,96.84
1/6/20,1566.2,3246.28,9071.4697,28703.3809,63.27,96.67
1/7/20,1571.8,3237.1799,9068.5801,28583.6797,62.7,96.98
1/8/20,1557.4,3253.05,9129.2402,28745.0898,59.61,97.3
1/9/20,1551.7,3274.7,9203.4297,28956.9004,59.56,97.45
1/10/20,1557.5,3265.3501,9178.8604,28823.7695,59.04,97.36
1/13/20,1548.4,3288.1299,9273.9297,28907.0508,58.08,97.35
1/14/20,1542.4,3283.1499,9251.3301,28939.6699,58.23,97.37
1/15/20,1552.1,3289.29,9258.7002,29030.2207,57.81,97.23
1/16/20,1549,3316.8101,9357.1299,29297.6406,58.52,97.32
1/17/20,1558.8,3329.6201,9388.9404,29348.0996,58.54,97.61
1/21/20,1556.4,3320.79,9370.8096,29196.0391,58.34,97.53
1/22/20,1555.3,3321.75,9383.7695,29186.2695,56.74,97.53
1/23/20,1564.6,3325.54,9402.4805,29160.0898,55.59,97.69
1/24/20,1571.1,3295.47,9314.9102,28989.7305,54.19,97.85
1/27/20,1576.8,3243.6299,9139.3096,28535.8008,53.14,97.96
1/28/20,1569.2,3276.24,9269.6797,28722.8496,53.48,98.02
1/29/20,1569.8,3273.3999,9275.1602,28734.4492,53.33,97.99
1/30/20,1583.5,3283.6599,9298.9297,28859.4395,52.14,97.87
1/31/20,1582.9,3225.52,9150.9404,28256.0293,51.56,97.39
2/3/20,1577.2,3248.9199,9273.4004,28399.8105,50.11,97.8
2/4/20,1550.4,3297.5901,9467.9697,28807.6309,49.61,97.96
2/5/20,1557.8,3334.6899,9508.6797,29290.8496,50.75,98.27
2/6/20,1565.1,3345.78,9572.1504,29379.7695,50.95,98.5
2/7/20,1568.6,3327.71,9520.5098,29102.5098,50.32,98.68
2/10/20,1574.7,3352.0901,9628.3896,29276.8203,49.57,98.83
2/11/20,1565.6,3357.75,9638.9404,29276.3398,49.94,98.72
2/12/20,1567.4,3379.45,9725.96,29551.4199,51.17,99.05
2/13/20,1575.1,3373.9399,9711.9697,29423.3105,51.42,99.07
2/14/20,1582.7,3380.1599,9731.1797,29398.0801,52.05,99.12
2/18/20,1600,3370.29,9732.7402,29232.1895,52.05,99.46
2/19/20,1607.5,3386.1499,9817.1797,29348.0293,53.29,99.6
2/20/20,1616.6,3373.23,9750.9697,29219.9805,53.78,99.87
2/21/20,1644.6,3337.75,9576.5898,28992.4102,53.38,99.26
2/24/20,1672.4,3225.8899,9221.2803,27960.8008,51.43,99.29
2/25/20,1646.9,3128.21,8965.6104,27081.3594,49.9,98.97
2/26/20,1640,3116.3899,8980.7803,26957.5898,48.73,99
2/27/20,1640,2978.76,8566.4805,25766.6406,47.09,98.44
2/28/20,1564.1,2954.22,8567.3701,25409.3594,44.76,98.13
3/2/20,1592.3,3090.23,8952.1699,26703.3203,46.75,97.36
3/3/20,1642.1,3003.3701,8684.0898,25917.4102,47.18,97.15
3/4/20,1641.1,3130.1201,9018.0898,27090.8594,46.78,97.34
3/5/20,1666.4,3023.9399,8738.5898,26121.2793,45.9,96.82
3/6/20,1670.8,2972.3701,8575.6201,25864.7793,41.28,95.95
3/9/20,1674.5,2746.5601,7950.6802,23851.0195,31.13,94.9
3/10/20,1659.1,2882.23,8344.25,25018.1602,34.36,96.41
3/11/20,1641.4,2741.3799,7952.0498,23553.2207,32.98,96.51
3/12/20,1589.3,2480.6399,7201.7998,21200.6191,31.5,97.47
3/13/20,1515.7,2711.02,7874.8799,23185.6191,31.73,98.75
3/16/20,1485.9,2386.1299,6904.5898,20188.5195,28.7,98.09
3/17/20,1524.9,2529.1899,7334.7798,21237.3809,26.95,99.58
3/18/20,1477.3,2398.1001,6989.8398,19898.9199,20.37,101.16
3/19/20,1478.6,2409.3899,7150.5801,20087.1895,25.22,102.76
3/20/20,1484,2304.9199,6879.52,19173.9805,22.43,102.82
3/23/20,1567,2237.3999,6860.6699,18591.9297,23.36,102.49
3/24/20,1660.2,2447.3301,7417.8599,20704.9102,24.01,101.74
3/25/20,1632.3,2475.5601,7384.2998,21200.5508,24.49,101.05
3/26/20,1650.1,2630.0701,7797.54,22552.1699,22.6,99.42
3/27/20,1623.9,2541.47,7502.3799,21636.7793,21.51,98.37
3/30/20,1622,2626.6499,7774.1499,22327.4805,20.09,99.18
3/31/20,1583.4,2584.5901,7700.1001,21917.1602,20.48,99.05
4/1/20,1578.2,2470.5,7360.5801,20943.5098,20.31,99.67
4/2/20,1625.7,2526.8999,7487.3101,21413.4395,25.32,100.18
4/3/20,1633.7,2488.6499,7373.0801,21052.5293,28.34,100.58
4/6/20,1677,2663.6799,7913.2402,22679.9902,26.08,100.69
4/7/20,1664.8,2659.4099,7887.2598,22653.8594,23.63,99.98
4/8/20,1665.4,2749.98,8090.8999,23433.5703,25.09,100.12
4/9/20,1736.2,2789.8201,8153.5801,23719.3691,22.76,99.52
4/13/20,1744.8,2761.6299,8192.4199,23390.7695,22.41,99.35
4/14/20,1756.7,2846.0601,8515.7402,23949.7598,20.11,98.89
4/15/20,1727.2,2783.3601,8393.1797,23504.3496,19.87,99.46
4/16/20,1720.4,2799.55,8532.3604,23537.6797,19.87,100.03
4/17/20,1689.2,2874.5601,8650.1396,24242.4902,18.27,99.78
4/20/20,1701.6,2823.1599,8560.7305,23650.4395,-37.63,99.96
4/21/20,1678.2,2736.5601,8263.2305,23018.8809,10.01,100.26
4/22/20,1728.7,2799.3101,8495.3799,23475.8203,13.78,100.39
4/23/20,1733.3,2797.8,8494.75,23515.2598,16.5,100.43
4/24/20,1723.5,2836.74,8634.5195,23775.2695,16.94,100.38
4/27/20,1711.9,2878.48,8730.1602,24133.7793,12.78,100.04
4/28/20,1710.5,2863.3899,8607.7305,24101.5508,12.34,99.87
4/29/20,1703.4,2939.51,8914.71,24633.8594,15.06,99.57
4/30/20,1684.2,2912.4299,8889.5498,24345.7207,18.84,99.02
5/1/20,1694.5,2830.71,8604.9502,23723.6895,19.78,98.8
5/4/20,1706.9,2842.74,8710.71,23749.7598,20.39,99.48
5/5/20,1704.4,2868.4399,8809.1201,23883.0898,24.56,99.71
5/6/20,1684.2,2848.4199,8854.3896,23664.6406,23.99,100.09
5/7/20,1721.8,2881.1899,8979.6602,23875.8906,23.55,99.89
5/8/20,1709.9,2929.8,9121.3203,24331.3203,24.74,99.73
5/11/20,1695.3,2930.1899,9192.3398,24221.9902,24.14,100.24
5/12/20,1704.4,2870.1201,9002.5498,23764.7793,25.78,99.93
5/13/20,1713.9,2820,8863.1699,23247.9707,25.29,100.24
5/14/20,1738.1,2852.5,8943.7197,23625.3398,27.56,100.47
5/15/20,1753.4,2863.7,9014.5596,23685.4199,29.43,100.4
5/18/20,1731.8,2953.9099,9234.8301,24597.3691,31.82,99.67
5/19/20,1744.2,2922.9399,9185.0996,24206.8594,32.5,99.37
5/20/20,1750.6,2971.6101,9375.7803,24575.9004,33.49,99.12
5/21/20,1720.5,2948.51,9284.8799,24474.1191,33.92,99.37
5/22/20,1734.6,2955.45,9324.5898,24465.1602,33.25,99.86
5/26/20,1704.8,2991.77,9340.2197,24995.1094,34.35,98.91
5/27/20,1710.3,3036.1299,9412.3604,25548.2695,32.81,99.06
5/28/20,1713.3,3029.73,9368.9902,25400.6406,33.71,98.38
5/29/20,1736.9,3044.3101,9489.8701,25383.1094,35.49,98.34
6/1/20,1737.8,3055.73,9552.0498,25475.0195,35.44,97.83
6/2/20,1725.2,3080.8201,9608.3799,25742.6504,36.81,97.67
6/3/20,1697.8,3122.8701,9682.9102,26269.8906,37.29,97.28
6/4/20,1718.9,3112.3501,9615.8096,26281.8203,37.41,96.68
6/5/20,1676.2,3193.9299,9814.0801,27110.9805,39.55,96.94
6/8/20,1698.3,3232.3899,9924.75,27572.4395,38.19,96.62
6/9/20,1714.7,3207.1799,9953.75,27272.3008,38.94,96.32
6/10/20,1713.3,3190.1399,10020.3496,26989.9902,39.6,95.96
6/11/20,1732,3002.1001,9492.7305,25128.1699,36.34,96.73
6/12/20,1729.3,3041.3101,9588.8096,25605.5391,36.26,97.32
6/15/20,1720.3,3066.5901,9726.0195,25763.1602,37.12,96.68
6/16/20,1729.6,3124.74,9895.8701,26289.9805,38.38,96.96
6/17/20,1729.2,3113.49,9910.5303,26119.6094,37.96,97.16
6/18/20,1724.8,3115.3401,9943.0498,26080.0996,38.84,97.42
6/19/20,1745.9,3097.74,9946.1201,25871.4609,39.75,97.62
6/22/20,1756.7,3117.8601,10056.4805,26024.9609,40.46,97.04
6/23/20,1772.1,3131.29,10131.3701,26156.0996,40.37,96.69
6/24/20,1765.8,3050.3301,9909.1699,25445.9395,38.01,97.15
6/25/20,1762.1,3083.76,10017,25745.5996,38.72,97.43
6/26/20,1772.5,3009.05,9757.2197,25015.5508,38.49,97.5
6/29/20,1774.8,3053.24,9874.1504,25595.8008,39.7,97.54
6/30/20,1793,3100.29,10058.7695,25812.8809,39.27,97.39
7/1/20,1773.2,3115.8601,10154.6299,25734.9707,39.82,97.2
7/2/20,1784,3130.01,10207.6299,25827.3594,40.65,97.32
7/6/20,1788.5,3179.72,10433.6504,26287.0293,40.63,96.79
7/7/20,1804.2,3145.3201,10343.8896,25890.1797,40.62,96.88
7/8/20,1815.5,3169.9399,10492.5,26067.2793,40.9,96.43
7/9/20,1799.2,3152.05,10547.75,25706.0898,39.62,96.7
7/10/20,1798.2,3185.04,10617.4404,26075.3008,40.55,96.65
7/13/20,1811,3155.22,10390.8398,26085.8008,40.1,96.46
7/14/20,1810.6,3197.52,10488.5801,26642.5898,40.29,96.26
7/15/20,1811.4,3226.5601,10550.4902,26870.0996,41.2,96.08
7/16/20,1798.7,3215.5701,10473.8301,26734.7109,40.75,96.35
7/17/20,1808.3,3224.73,10503.1904,26671.9492,40.59,95.94
7/20/20,1815.9,3251.8401,10767.0898,26680.8691,40.81,95.83
7/21/20,1842.4,3257.3,10680.3604,26840.4004,41.96,95.12
7/22/20,1864.1,3276.02,10706.1299,27005.8398,41.9,94.97
7/23/20,1889.1,3235.6599,10461.4199,26652.3301,41.07,94.69
7/24/20,1897.3,3215.6299,10363.1797,26469.8906,41.29,94.44
7/27/20,1931,3239.4099,10536.2695,26584.7695,41.6,93.67
7/28/20,1944.7,3218.4399,10402.0898,26379.2793,41.04,93.76
7/29/20,1953.5,3258.4399,10542.9404,26539.5703,41.27,93.26
7/30/20,1942.3,3246.22,10587.8096,26313.6504,39.92,93.02
7/31/20,1962.8,3271.1201,10745.2695,26428.3203,40.27,93.49
8/3/20,1966,3294.6101,10902.7998,26664.4004,41.01,93.5
8/4/20,2001.2,3306.51,10941.1699,26828.4707,41.7,93.38
8/5/20,2031.1,3327.77,10998.4004,27201.5195,42.19,92.83
8/6/20,2051.5,3349.1599,11108.0703,27386.9805,41.95,92.79
8/7/20,2010.1,3351.28,11010.9805,27433.4805,41.22,93.44
8/10/20,2024.4,3360.47,10968.3604,27791.4395,41.94,93.58
8/11/20,1932.6,3333.6899,10782.8203,27686.9102,41.61,93.63
8/12/20,1934.9,3380.3501,11012.2402,27976.8398,42.67,93.44
8/13/20,1956.7,3373.4299,11042.5,27896.7207,42.24,93.34
8/14/20,1937,3372.8501,11019.2998,27931.0195,42.01,93.1
8/17/20,1985,3381.99,11129.7305,27844.9102,42.89,92.85
8/18/20,1999.4,3389.78,11210.8398,27778.0703,42.89,92.27
8/19/20,1958.7,3374.8501,11146.46,27692.8809,42.93,92.89
8/20/20,1933.8,3385.51,11264.9502,27739.7305,42.58,92.79
8/21/20,1934.6,3397.1599,11311.7998,27930.3301,42.34,93.25
8/24/20,1927.7,3431.28,11379.7197,28308.4609,42.62,93.3
8/25/20,1911.8,3443.6201,11466.4697,28248.4395,43.35,93.02
8/26/20,1940.7,3478.73,11665.0596,28331.9199,43.39,93.01
8/27/20,1921.6,3484.55,11625.3398,28492.2695,43.04,93.01
8/28/20,1964.6,3508.01,11695.6299,28653.8691,42.97,92.37
8/31/20,1967.6,3500.3101,11775.46,28430.0508,42.61,92.14
9/1/20,1968.2,3526.6499,11939.6699,28645.6602,42.76,92.34
9/2/20,1934.4,3580.8401,12056.4404,29100.5,41.51,92.85
9/3/20,1927.6,3455.0601,11458.0996,28292.7305,41.37,92.74
9/4/20,1923.9,3426.96,11313.1299,28133.3105,39.77,92.72
9/8/20,1933,3331.8401,10847.6904,27500.8906,36.76,93.48
9/9/20,1944.7,3398.96,11141.5596,27940.4707,38.05,93.26
9/10/20,1954.2,3339.1899,10919.5898,27534.5801,37.3,93.34
9/11/20,1937.8,3340.97,10853.5498,27665.6406,37.33,93.33
9/14/20,1953.1,3383.54,11056.6504,27993.3301,37.26,93.07
9/15/20,1956.3,3401.2,11190.3203,27995.5996,38.28,93.05
9/16/20,1960.2,3385.49,11050.4697,28032.3809,40.16,93.21
9/17/20,1940,3357.01,10910.2803,27901.9805,40.97,92.97
9/18/20,1952.1,3319.47,10793.2803,27657.4199,41.11,92.93
9/21/20,1901.2,3281.0601,10778.7998,27147.6992,39.31,93.54
9/22/20,1898.6,3315.5701,10963.6396,27288.1797,39.6,93.99
9/23/20,1859.9,3236.9199,10632.9902,26763.1309,39.93,94.39
9/24/20,1868.3,3246.5901,10672.2695,26815.4395,40.31,94.35
9/25/20,1857.7,3298.46,10913.5596,27173.9609,40.25,94.58
9/28/20,1872.8,3351.6001,11117.5303,27584.0605,40.6,94.26
9/29/20,1894.3,3335.47,11085.25,27452.6602,39.29,93.89
9/30/20,1887.5,3363,11167.5098,27781.6992,40.22,93.89
10/1/20,1908.4,3380.8,11326.5098,27816.9004,38.72,93.71
10/2/20,1900.2,3348.4199,11075.0195,27682.8105,37.05,93.84
10/5/20,1912.5,3408.6001,11332.4902,28148.6406,39.22,93.51
10/6/20,1901.1,3360.97,11154.5996,27772.7598,40.67,93.83
10/7/20,1883.6,3419.4399,11364.5996,28303.4609,39.95,93.63
10/8/20,1888.6,3446.8301,11420.9805,28425.5098,41.19,93.61
10/9/20,1919.5,3477.1399,11579.9404,28586.9004,40.6,93.06
10/12/20,1922.5,3534.22,11876.2598,28837.5195,39.43,93.07
10/13/20,1888.5,3511.9299,11863.9004,28679.8105,40.2,93.53
10/14/20,1901.3,3488.6699,11768.7305,28514,41.04,93.38
10/15/20,1903.2,3483.3401,11713.8701,28494.1992,40.96,93.86
10/16/20,1900.8,3483.8101,11671.5596,28606.3105,40.88,93.68
10/19/20,1906.4,3426.9199,11478.8799,28195.4199,40.83,93.43
10/20/20,1910.4,3443.1201,11516.4902,28308.7891,41.46,93.07
10/21/20,1924.6,3435.5601,11484.6904,28210.8203,40.03,92.61
10/22/20,1901.1,3453.49,11506.0098,28363.6602,40.64,92.95
10/23/20,1902,3465.3899,11548.2803,28335.5703,39.85,92.77
10/26/20,1902.7,3400.97,11358.9404,27685.3809,38.56,93.05
10/27/20,1908.8,3390.6799,11431.3496,27463.1895,39.57,92.94
10/28/20,1876.2,3271.03,11004.8701,26519.9492,37.39,93.41
10/29/20,1865.6,3310.1101,11185.5898,26659.1094,36.17,93.96
10/30/20,1877.4,3269.96,10911.5898,26501.5996,35.79,94.04
11/2/20,1890.4,3310.24,10957.6104,26925.0508,36.81,94.05
11/3/20,1908.5,3369.1599,11160.5703,27480.0293,37.66,93.55
11/4/20,1894.6,3443.4399,11590.7803,27847.6602,39.15,93.41
11/5/20,1945.3,3510.45,11890.9297,28390.1797,38.79,92.53
11/6/20,1950.3,3509.4399,11895.2305,28323.4004,37.14,92.23
11/9/20,1853.2,3550.5,11713.7803,29157.9707,40.29,92.73
11/10/20,1875.4,3545.53,11553.8604,29420.9199,41.36,92.75
11/11/20,1860.7,3572.6599,11786.4297,29397.6309,41.45,93.04
11/12/20,1872.6,3537.01,11709.5898,29080.1699,41.12,92.96
11/13/20,1885.7,3585.1499,11829.29,29479.8105,40.13,92.76
11/16/20,1887.3,3626.9099,11924.1299,29950.4395,41.34,92.57
11/17/20,1884.5,3609.53,11899.3398,29783.3496,41.43,92.42
11/18/20,1873.5,3567.79,11801.5996,29438.4199,41.82,92.32
11/19/20,1861.1,3581.8701,11904.71,29483.2305,41.74,92.29
11/20/20,1872.6,3557.54,11854.9697,29263.4805,42.15,92.39
11/23/20,1837.8,3577.5901,11880.6299,29591.2695,43.06,92.51
11/24/20,1804.8,3635.4099,12036.79,30046.2402,44.91,92.23
11/25/20,1805.7,3629.6499,12094.4004,29872.4707,45.71,91.99
11/27/20,1781.9,3638.3501,12205.8496,29910.3691,45.53,91.79
11/30/20,1775.7,3621.6299,12198.7402,29638.6406,45.34,91.87
12/1/20,1814.1,3662.45,12355.1104,29823.9199,44.55,91.31
12/2/20,1825.7,3669.01,12349.3701,29883.7891,45.28,91.12
12/3/20,1836.8,3666.72,12377.1797,29969.5195,45.64,90.71
12/4/20,1835.9,3699.1201,12464.2305,30218.2598,46.26,90.7
12/7/20,1861.8,3691.96,12519.9502,30069.7891,45.76,90.79
12/8/20,1870.8,3702.25,12582.7695,30173.8809,45.6,90.97
12/9/20,1834.6,3672.8201,12338.9502,30068.8105,45.52,91.09
12/10/20,1833.6,3668.1001,12405.8096,29999.2598,46.78,90.79
12/11/20,1839.8,3663.46,12377.8701,30046.3691,46.57,90.98
12/14/20,1828.7,3647.49,12440.04,29861.5508,46.99,90.71
12/15/20,1852.3,3694.6201,12595.0596,30199.3105,47.62,90.47
12/16/20,1856.1,3701.1699,12658.1904,30154.5391,47.82,90.45
12/17/20,1887.2,3722.48,12764.75,30303.3691,48.36,89.82
12/18/20,1885.7,3709.4099,12755.6396,30179.0508,49.1,90.02
12/21/20,1879.2,3694.9199,12742.5195,30216.4492,47.74,90.04
12/22/20,1866.6,3687.26,12807.9199,30015.5098,47.02,90.65
12/23/20,1874.7,3690.01,12771.1104,30129.8301,48.12,90.41
12/24/20,1879.9,3703.0601,12804.7305,30199.8691,48.23,90.33
12/28/20,1877.2,3735.3601,12899.4199,30403.9707,47.62,90.34
12/29/20,1879.7,3727.04,12850.2197,30335.6699,48,90.01
12/30/20,1891,3732.04,12870,30409.5605,48.4,89.63
12/31/20,1893.1,3756.0701,12888.2803,30606.4805,48.52,89.94
1/4/21,1944.7,3700.6499,12698.4502,30223.8906,47.62,89.88
1/5/21,1952.7,3726.8601,12818.96,30391.5996,49.93,89.44
1/6/21,1906.9,3748.1399,12740.79,30829.4004,50.63,89.53
1/7/21,1912.3,3803.79,13067.4805,31041.1309,50.83,89.83
1/8/21,1834.1,3824.6799,13201.9805,31097.9707,52.24,90.1
1/11/21,1849.6,3799.6101,13036.4297,31008.6895,52.25,90.54
1/12/21,1842.9,3801.1899,13072.4297,31068.6895,53.21,90.05
1/13/21,1853.6,3809.8401,13128.9502,31060.4707,52.91,90.32
1/14/21,1850.3,3795.54,13112.6396,30991.5195,53.57,90.24
1/15/21,1829.3,3768.25,12998.5,30814.2598,52.36,90.78
1/19/21,1839.5,3798.9099,13197.1797,30930.5195,52.98,90.5
1/20/21,1865.9,3851.8501,13457.25,31188.3809,53.24,90.47
1/21/21,1865.3,3853.0701,13530.9102,31176.0098,53.13,90.13
1/22/21,1855.7,3841.47,13543.0596,30996.9805,52.27,90.24
1/25/21,1854.9,3855.3601,13635.9902,30960,52.77,90.39
1/26/21,1850.7,3849.6201,13626.0596,30937.0391,52.61,90.17
1/27/21,1844.9,3750.77,13270.5996,30303.1699,52.85,90.65
1/28/21,1837.9,3787.3799,13337.1602,30603.3594,52.34,90.46
1/29/21,1847.3,3714.24,13070.6904,29982.6191,52.2,90.58
2/1/21,1860.8,3773.8601,13403.3896,30211.9102,53.55,91.02
2/2/21,1830.5,3826.3101,13612.7803,30687.4805,54.76,91.2
2/3/21,1832.2,3830.1699,13610.54,30723.5996,55.69,91.12
2/4/21,1788.9,3871.74,13777.7402,31055.8594,56.23,91.53
2/5/21,1810.9,3886.8301,13856.2998,31148.2402,56.85,91.04
2/8/21,1831.9,3915.5901,13987.6396,31385.7598,57.97,90.93
2/9/21,1835.3,3911.23,14007.7002,31375.8301,58.36,90.44
2/10/21,1840.6,3909.8799,13972.5303,31437.8008,58.68,90.37
2/11/21,1824.9,3916.3799,14025.7695,31430.6992,58.24,90.42
2/12/21,1821.6,3934.8301,14095.4697,31458.4004,59.47,90.48
2/16/21,1797.2,3932.5901,14047.5,31522.75,60.05,90.51
2/17/21,1771.1,3931.3301,13965.4902,31613.0195,61.14,90.95
2/18/21,1773.4,3913.97,13865.3604,31493.3398,60.52,90.59
2/19/21,1775.8,3906.71,13874.46,31494.3203,59.24,90.36
2/22/21,1806.7,3876.5,13533.0498,31521.6895,61.49,90.01
2/23/21,1804.4,3881.3701,13465.2002,31537.3496,61.67,90.17
2/24/21,1796.4,3925.4299,13597.9697,31961.8594,63.22,90.18
2/25/21,1774.4,3829.3401,13119.4297,31402.0098,63.53,90.13
2/26/21,1728.1,3811.1499,13192.3496,30932.3691,61.5,90.93
3/1/21,1722.5,3901.8201,13588.8301,31535.5098,60.64,91.04
3/2/21,1733.1,3870.29,13358.79,31391.5195,59.75,90.79
3/3/21,1715.3,3819.72,12997.75,31270.0898,61.28,90.95
3/4/21,1700.2,3768.47,12723.4697,30924.1406,63.83,91.63
3/5/21,1698,3841.9399,12920.1504,31496.3008,66.09,91.98
3/8/21,1677.7,3821.3501,12609.1602,31802.4395,65.05,92.31
3/9/21,1716.6,3875.4399,13073.8203,31832.7402,64.01,91.96
3/10/21,1721.5,3898.8101,13068.8301,32297.0195,64.44,91.79
3/11/21,1722.3,3939.3401,13398.6699,32485.5898,66.02,91.42
3/12/21,1719.5,3943.3401,13319.8604,32778.6406,65.61,91.68
3/15/21,1728.9,3968.9399,13459.71,32953.4609,65.39,91.83
3/16/21,1730.6,3962.71,13471.5703,32825.9492,64.8,91.87
3/17/21,1726.8,3974.1201,13525.2002,33015.3711,64.6,91.4
3/18/21,1732.2,3915.46,13116.1699,32862.3008,60,91.85
3/19/21,1741.4,3913.1001,13215.2402,32627.9707,61.42,91.92
3/22/21,1737.8,3940.5901,13377.54,32731.1992,61.55,91.8
3/23/21,1724.7,3910.52,13227.7002,32423.1504,57.76,92.34
3/24/21,1732.9,3889.1399,12961.8896,32420.0605,61.18,92.53
3/25/21,1724.9,3909.52,12977.6797,32619.4805,58.56,92.88
3/26/21,1732.2,3974.54,13138.7305,33072.8789,60.97,92.77
3/29/21,1712.1,3971.0901,13059.6504,33171.3711,61.56,92.94
3/30/21,1683.9,3958.55,13045.3896,33066.9609,60.55,93.3
3/31/21,1713.8,3972.8899,13246.8701,32981.5508,59.16,93.23
4/1/21,1726.5,4019.8701,13480.1104,33153.2109,61.45,92.93
4/5/21,1727,4077.9099,13705.5898,33527.1914,58.65,92.6
4/6/21,1741.5,4073.9399,13698.3799,33430.2383,59.33,92.34
4/7/21,1740.1,4079.95,13688.8398,33446.2617,59.77,92.46
4/8/21,1756.8,4097.1699,13829.3096,33503.5703,59.6,92.06
4/9/21,1743.3,4128.7998,13900.1904,33800.6016,59.32,92.16
4/12/21,1731.2,4127.9902,13850,33745.3984,59.7,92.14
4/13/21,1746.2,4141.5898,13996.0996,33677.2695,60.18,91.85
4/14/21,1734.9,4124.6602,13857.8398,33730.8906,63.15,91.69
4/15/21,1765.4,4170.4199,14038.7598,34035.9883,63.46,91.67
4/16/21,1779,4185.4702,14052.3398,34200.6719,63.13,91.56
4/19/21,1769.4,4163.2598,13914.7695,34077.6289,63.38,91.07
4/20/21,1777.3,4134.9399,13786.2695,33821.3008,62.44,91.24
4/21/21,1792.3,4173.4199,13950.2197,34137.3086,61.35,91.16
4/22/21,1781.2,4134.98,13818.4102,33815.8984,61.43,91.33
4/23/21,1777,4180.1699,14016.8096,34043.4883,62.14,90.86
4/26/21,1779.2,4187.6201,14138.7803,33981.5703,61.91,90.81
4/27/21,1778,4186.7202,14090.2197,33984.9297,62.94,90.91
4/28/21,1773.2,4183.1802,14051.0303,33820.3789,63.86,90.61
4/29/21,1768.1,4211.4702,14082.5498,34060.3594,65.01,90.61
4/30/21,1767.3,4181.1699,13962.6797,33874.8516,63.58,91.28
5/3/21,1791.4,4192.6602,13895.1201,34113.2305,64.49,90.95
5/4/21,1775.8,4164.6602,13633.5,34133.0313,65.69,91.29
5/5/21,1784.1,4167.5898,13582.4199,34230.3398,65.63,91.31
5/6/21,1815.5,4201.6201,13632.8398,34548.5313,64.71,90.95
5/7/21,1831.1,4232.6001,13752.2402,34777.7617,64.9,90.23
5/10/21,1837.5,4188.4302,13401.8604,34742.8203,64.92,90.21
5/11/21,1835.9,4152.1001,13389.4297,34269.1602,65.28,90.14
5/12/21,1822.6,4063.04,13031.6797,33587.6602,66.08,90.71
5/13/21,1823.8,4112.5,13124.9902,34021.4492,63.82,90.75
5/14/21,1837.9,4173.8501,13429.9805,34382.1289,65.37,90.32
5/17/21,1867.5,4163.29,13379.0498,34327.7891,66.27,90.22
5/18/21,1867.8,4127.8301,13303.6396,34060.6602,65.49,89.75
5/19/21,1881.3,4115.6802,13299.7402,33896.0391,63.36,90.19
5/20/21,1881.8,4159.1201,13535.7402,34084.1484,62.05,89.81
5/21/21,1876.7,4155.8599,13470.9902,34207.8398,63.58,90.02
5/24/21,1884.6,4197.0498,13661.1699,34393.9805,66.05,89.83
5/25/21,1898.1,4188.1299,13657.1699,34312.4609,66.07,89.64
5/26/21,1901.3,4195.9902,13738,34323.0508,66.21,90.04
5/27/21,1895.7,4200.8799,13736.2803,34464.6406,66.85,89.97
5/28/21,1902.5,4204.1099,13748.7402,34529.4492,66.32,90.03
6/1/21,1902.9,4202.04,13736.4805,34575.3086,67.72,89.83
6/2/21,1907.5,4208.1201,13756.3301,34600.3789,68.83,89.9
6/3/21,1871.2,4192.8501,13614.5098,34577.0391,68.81,90.5
6/4/21,1889.8,4229.8901,13814.4902,34756.3906,69.62,90.14
6/7/21,1896.8,4226.52,13881.7197,34630.2383,69.23,89.95
6/8/21,1892.2,4227.2598,13924.9102,34599.8203,70.05,90.08
6/9/21,1893.2,4219.5498,13911.75,34447.1406,69.96,90.12
6/10/21,1894.2,4239.1802,14020.3301,34466.2383,70.29,90.08
6/11/21,1877.4,4247.4399,14069.4199,34479.6016,70.91,90.56
6/14/21,1864,4255.1499,14174.1396,34393.75,70.88,90.52
6/15/21,1854.5,4246.5898,14072.8604,34299.3281,72.12,90.54
6/16/21,1859.5,4223.7002,14039.6797,34033.6719,72.15,91.13
6/17/21,1773.8,4221.8599,14161.3496,33823.4492,71.04,91.89
6/18/21,1767.9,4166.4502,14030.3799,33290.0781,71.64,92.23
6/21/21,1781.8,4224.79,14141.4805,33876.9688,73.66,91.86
6/22/21,1776.3,4246.4399,14253.2695,33945.5781,73.06,91.73
6/23/21,1782.3,4241.8398,14271.7305,33874.2383,73.08,91.8
6/24/21,1775.6,4266.4902,14369.71,34196.8203,73.3,91.82
6/25/21,1776.6,4280.7002,14360.3896,34433.8398,74.05,91.81
6/28/21,1779.6,4290.6099,14500.5098,34283.2695,72.91,91.88
6/29/21,1762.8,4291.7998,14528.3301,34292.2891,72.98,92.05
6/30/21,1770.8,4297.5,14503.9502,34502.5117,73.47,92.44
7/1/21,1775.9,4319.9399,14522.3799,34633.5313,75.23,92.6
7/2/21,1782.6,4352.3398,14639.3301,34786.3516,75.16,92.23
7/6/21,1793.5,4343.54,14663.6396,34577.3711,73.37,92.55
7/7/21,1801.5,4358.1299,14665.0596,34681.7891,72.2,92.64
7/8/21,1799.6,4320.8198,14559.7803,34421.9297,72.94,92.36
7/9/21,1810,4369.5498,14701.9199,34870.1602,74.56,92.13
7/12/21,1805.5,4384.6299,14733.2402,34996.1797,74.1,92.23
7/13/21,1809.4,4369.21,14677.6504,34888.7891,75.25,92.75
7/14/21,1824.3,4374.2998,14644.9502,34933.2305,73.13,92.41
7/15/21,1828.4,4360.0298,14543.1299,34987.0195,71.65,92.62
7/16/21,1814.5,4327.1602,14427.2402,34687.8516,71.81,92.69
7/19/21,1808.7,4258.4902,14274.9805,33962.0391,66.42,92.89
7/20/21,1810.9,4323.0601,14498.8799,34511.9883,67.42,92.97
7/21/21,1802.9,4358.6899,14631.9502,34798,70.3,92.75
7/22/21,1805,4367.48,14684.5996,34823.3516,71.91,92.82
7/23/21,1801.4,4411.79,14836.9902,35061.5508,72.07,92.91
7/26/21,1798.7,4422.2998,14840.71,35144.3086,71.91,92.65
7/27/21,1799.5,4401.46,14660.5801,35058.5195,71.65,92.43
7/28/21,1799.5,4400.6401,14762.5801,34930.9297,72.39,92.32
7/29/21,1831.2,4419.1499,14778.2598,35084.5313,73.62,91.86
7/30/21,1812.6,4395.2598,14672.6797,34935.4688,73.95,92.17
8/2/21,1818.1,4387.1602,14681.0703,34838.1602,71.26,92.05
8/3/21,1810.1,4423.1499,14761.29,35116.3984,70.56,92.08
8/4/21,1810.5,4402.6602,14780.5303,34792.6719,68.15,92.27
8/5/21,1805.1,4429.1001,14895.1201,35064.25,69.09,92.24
8/6/21,1760,4436.52,14835.7598,35208.5117,68.28,92.8
8/9/21,1723.4,4432.3501,14860.1797,35101.8516,66.48,92.95
8/10/21,1728.8,4436.75,14788.0898,35264.6719,68.29,93.06
8/11/21,1750.4,4442.4102,14765.1396,35484.9688,69.25,92.91
8/12/21,1749,4460.8301,14816.2598,35499.8516,69.09,93.04
8/13/21,1775.2,4468,14822.9004,35515.3789,68.44,92.52
8/16/21,1786.9,4479.71,14793.7598,35625.3984,67.29,92.63
8/17/21,1785,4448.0801,14656.1797,35343.2813,66.59,93.13
8/18/21,1781.6,4400.27,14525.9102,34960.6914,65.46,93.14
8/19/21,1780.2,4405.7998,14541.79,34894.1211,63.69,93.57
8/20/21,1781,4441.6699,14714.6602,35120.0781,62.32,93.5
8/23/21,1803.2,4479.5298,14942.6504,35335.7109,65.64,92.96
8/24/21,1805.6,4486.23,15019.7998,35366.2617,67.54,92.89
8/25/21,1788.2,4496.1899,15041.8604,35405.5,68.36,92.83
8/26/21,1792.2,4470,14945.8096,35213.1211,67.42,93.06
8/27/21,1816.6,4509.3701,15129.5,35455.8008,68.74,92.69
8/30/21,1809,4528.79,15265.8896,35399.8398,69.21,92.65
8/31/21,1815,4522.6802,15259.2402,35360.7305,68.5,92.63
9/1/21,1813.1,4524.0898,15309.3799,35312.5313,68.59,92.45
9/2/21,1808.7,4536.9502,15331.1797,35443.8203,69.99,92.23
9/3/21,1830.9,4535.4302,15363.5195,35369.0898,69.29,92.04
9/7/21,1795.9,4520.0298,15374.3301,35100,68.35,92.52
9/8/21,1790.7,4514.0698,15286.6396,35031.0703,69.3,92.65
9/9/21,1797.4,4493.2798,15248.25,34879.3789,68.14,92.48
9/10/21,1789.6,4458.5801,15115.4902,34607.7188,69.72,92.58
9/13/21,1792,4468.73,15105.5801,34869.6289,70.45,92.62
9/14/21,1804.7,4443.0498,15037.7598,34577.5703,70.46,92.65
9/15/21,1792.4,4480.7002,15161.5303,34814.3906,72.61,92.49
9/16/21,1754.6,4473.75,15181.9199,34751.3203,72.61,92.86
9/17/21,1749.4,4432.9902,15043.9697,34584.8789,71.97,93.2
9/20/21,1761.8,4357.73,14713.9004,33970.4688,70.29,93.24
9/21/21,1776,4354.1899,14746.4004,33919.8398,70.56,93.2
9/22/21,1776.7,4395.6401,14896.8496,34258.3203,72.23,93.46
9/23/21,1747.7,4448.98,15052.2402,34764.8203,73.3,93.1
9/24/21,1749.7,4455.48,15047.7002,34798,73.98,93.33
9/27/21,1750,4443.1099,14969.9697,34869.3711,75.45,93.38
9/28/21,1735.8,4352.6299,14546.6797,34299.9883,75.29,93.77
9/29/21,1721.5,4359.46,14512.4404,34390.7188,74.83,94.34
9/30/21,1755.3,4307.54,14448.5801,33843.9219,75.03,94.25
10/1/21,1757,4357.04,14566.7002,34326.4609,75.88,94.04
10/4/21,1766.2,4300.46,14255.4805,34002.9219,77.62,93.81
10/5/21,1759.6,4345.7202,14433.8301,34314.6719,78.93,93.98
10/6/21,1760.5,4363.5498,14501.9102,34416.9883,77.43,94.27
10/7/21,1757.9,4399.7598,14654.0195,34754.9414,78.3,94.22
10/8/21,1756.3,4391.3398,14579.54,34746.25,79.35,94.07
10/11/21,1754.6,4361.1899,14486.2002,34496.0586,80.52,94.32
10/12/21,1758.3,4350.6499,14465.9199,34378.3398,80.64,94.52
10/13/21,1793.7,4363.7998,14571.6396,34377.8086,80.44,94.08
10/14/21,1796.7,4438.2598,14823.4297,34912.5586,81.31,93.96
10/15/21,1767.2,4471.3701,14897.3398,35294.7617,82.28,93.94
10/18/21,1764.8,4486.46,15021.8096,35258.6094,82.44,93.95
10/19/21,1769.7,4519.6299,15129.0898,35457.3086,82.96,93.79
10/20/21,1784.1,4536.1899,15121.6797,35609.3398,83.87,93.56
10/21/21,1781.2,4549.7798,15215.7002,35603.0781,82.5,93.77
10/22/21,1795.5,4544.8999,15090.2002,35677.0195,83.76,93.61
10/25/21,1806,4566.48,15226.71,35741.1484,83.76,93.81
10/26/21,1792.7,4574.79,15235.71,35756.8789,84.65,93.95
10/27/21,1797.9,4551.6802,15235.8398,35490.6914,82.66,93.86
10/28/21,1801.6,4596.4199,15448.1201,35730.4805,82.81,93.35
10/29/21,1783,4605.3799,15498.3896,35819.5586,83.57,94.12
11/1/21,1795.1,4613.6699,15595.9199,35913.8398,84.05,93.88
11/2/21,1788.7,4630.6499,15649.5996,36052.6289,83.91,94.09
11/3/21,1763.6,4660.5698,15811.5801,36157.5781,80.86,93.86
11/4/21,1793,4680.0601,15940.3096,36124.2305,78.81,94.35
11/5/21,1816.4,4697.5298,15971.5898,36327.9492,81.27,94.32
11/8/21,1827.4,4701.7002,15982.3604,36432.2188,81.93,94.05
11/9/21,1830.2,4685.25,15886.54,36319.9805,84.15,93.96
11/10/21,1847.6,4646.71,15622.71,36079.9414,81.34,94.85
11/11/21,1863.2,4649.27,15704.2803,35921.2305,81.59,95.18
11/12/21,1867.9,4682.8501,15860.96,36100.3086,80.79,95.13
11/15/21,1866.1,4682.7998,15853.8496,36087.4492,80.88,95.41
11/16/21,1853.6,4700.8999,15973.8604,36142.2188,80.76,95.92
11/17/21,1869.7,4688.6699,15921.5703,35931.0508,78.36,95.83
11/18/21,1861,4704.54,15993.71,35870.9492,79.01,95.54
11/19/21,1851.2,4697.96,16057.4404,35601.9805,76.1,96.07
11/22/21,1806,4682.9399,15854.7598,35619.25,76.75,96.5
11/23/21,1783.5,4690.7002,15775.1396,35813.8008,78.5,96.49
11/24/21,1784.1,4701.46,15845.2305,35804.3789,78.39,96.84
11/26/21,1785.3,4594.6201,15491.6602,34899.3398,68.15,96.09
11/29/21,1782.3,4655.27,15782.8301,35135.9414,69.95,96.34
11/30/21,1773.6,4567,15537.6904,34483.7188,66.18,95.99
12/1/21,1781.6,4513.04,15254.0498,34022.0391,65.57,96.05
12/2/21,1760.7,4577.1001,15381.3203,34639.7891,66.5,96.13
12/3/21,1782,4538.4302,15085.4697,34580.0781,66.26,96.12
12/6/21,1777.5,4591.6699,15225.1504,35227.0313,69.49,96.29
12/7/21,1782.6,4686.75,15686.9199,35719.4297,72.05,96.37
12/8/21,1783.4,4701.21,15786.9902,35754.75,72.36,95.89
12/9/21,1774.6,4667.4502,15517.3701,35754.6914,70.94,96.27
12/10/21,1782.9,4712.02,15630.5996,35970.9883,71.67,96.05
12/13/21,1786.3,4668.9702,15413.2803,35650.9492,71.29,96.32
12/14/21,1770.4,4634.0898,15237.6396,35544.1797,70.73,96.57
12/15/21,1762.6,4709.8501,15565.5801,35927.4297,70.87,96.51
12/16/21,1796.6,4668.6699,15180.4297,35897.6406,72.38,96.04
12/17/21,1803.8,4620.6401,15169.6797,35365.4414,70.86,96.57
12/20/21,1793.7,4568.02,14980.9404,34932.1602,68.23,96.55
12/21/21,1787.9,4649.23,15341.0898,35492.6992,71.12,96.49
12/22/21,1801.6,4696.5601,15521.8896,35753.8906,72.76,96.08
12/23/21,1811.2,4725.79,15653.3701,35950.5586,73.79,96.02
12/27/21,1808.1,4791.1899,15871.2598,36302.3789,75.57,96.09
12/28/21,1810.2,4786.3501,15781.7197,36398.2109,75.98,96.2
12/29/21,1805.1,4793.0601,15766.2197,36488.6289,76.56,95.93
12/30/21,1812.7,4778.73,15741.5596,36398.0781,76.99,95.97
12/31/21,1827.5,4766.1802,15644.9697,36338.3008,75.21,95.67
1/3/22,1799.4,4796.5601,15832.7998,36585.0586,76.08,96.24
1/4/22,1814,4793.54,15622.7197,36799.6484,76.99,96.29
1/5/22,1824.6,4700.5801,15100.1699,36407.1094,77.85,96.19
1/6/22,1788.7,4696.0498,15080.8604,36236.4688,79.46,96.25
1/7/22,1797,4677.0298,14935.9004,36231.6602,78.9,95.74
1/10/22,1798.4,4670.29,14942.8301,36068.8711,78.23,95.99
1/11/22,1818.6,4713.0698,15153.4502,36252.0195,81.22,95.62
1/12/22,1827.2,4726.3501,15188.3896,36290.3203,82.64,95
1/13/22,1821.2,4659.0298,14806.8096,36113.6211,82.12,94.79
1/14/22,1816.5,4662.8501,14893.75,35911.8086,83.82,95.17
1/18/22,1812.3,4577.1099,14506.9004,35368.4688,85.43,95.73
1/19/22,1843.1,4532.7598,14340.2598,35028.6484,86.96,95.51
1/20/22,1842.5,4482.73,14154.0195,34715.3906,86.9,95.74
1/21/22,1831.8,4397.9399,13768.9199,34265.3711,85.14,95.64
1/24/22,1841.7,4410.1299,13855.1299,34364.5,83.31,95.92
1/25/22,1852.7,4356.4502,13539.29,34297.7305,85.6,95.95
1/26/22,1829.9,4349.9302,13542.1201,34168.0898,87.35,96.49
1/27/22,1793.3,4326.5098,13352.7803,34160.7813,86.61,97.26
1/28/22,1784.9,4431.8501,13770.5703,34725.4688,86.82,97.27
1/31/22,1795,4515.5498,14239.8799,35131.8594,88.15,96.54
2/1/22,1800.3,4546.54,14346,35405.2383,88.2,96.39
2/2/22,1809.2,4589.3799,14417.5498,35629.3281,88.26,95.94
2/3/22,1803,4477.4399,13878.8203,35111.1602,90.27,95.38
2/4/22,1806.6,4500.5298,14098.0098,35089.7383,92.31,95.48
2/7/22,1820.6,4483.8701,14015.6699,35091.1289,91.32,95.4
2/8/22,1826.6,4521.54,14194.4502,35462.7813,89.36,95.64
2/9/22,1835.2,4587.1802,14490.3701,35768.0586,89.66,95.49
2/10/22,1836.2,4504.0801,14185.6396,35241.5898,89.88,95.55
2/11/22,1840.8,4418.6401,13791.1504,34738.0586,93.1,96.08
2/14/22,1868,4401.6699,13790.9199,34566.1719,95.46,96.37
2/15/22,1854.8,4471.0698,14139.7598,34988.8398,92.07,95.99
2/16/22,1870.2,4475.0098,14124.0898,34934.2695,93.66,95.7
2/17/22,1900.7,4380.2598,13716.7197,34312.0313,91.76,95.8
2/18/22,1898.6,4348.8701,13548.0703,34079.1797,91.07,96.04
2/22/22,1906.1,4304.7598,13381.5195,33596.6094,92.35,96.03
2/23/22,1909.2,4225.5,13037.4902,33131.7617,92.1,96.19
2/24/22,1925.1,4288.7002,13473.5898,33223.8281,92.81,97.14
2/25/22,1886.5,4384.6499,13694.6201,34058.75,91.59,96.62
2/28/22,1899.4,4373.9399,13751.4004,33892.6016,95.72,96.71
3/1/22,1942.4,4306.2598,13532.46,33294.9492,103.41,97.41
3/2/22,1920.9,4386.54,13752.0195,33891.3516,110.6,97.39
3/3/22,1934.4,4363.4902,13537.9404,33794.6602,107.67,97.79
3/4/22,1965.1,4328.8701,13313.4404,33614.8008,115.68,98.65
3/7/22,1993.9,4201.0898,12830.96,32817.3789,119.4,99.29
3/8/22,2040.1,4170.7002,12795.5498,32632.6406,123.7,99.06
3/9/22,1985.9,4277.8799,13255.5498,33286.25,108.7,97.97
3/10/22,1998.1,4259.52,13129.96,33174.0703,106.02,98.51
3/11/22,1982.7,4204.3101,12843.8096,32944.1914,109.33,99.12
3/14/22,1959.6,4173.1099,12581.2197,32945.2383,103.01,99.06
3/15/22,1928.5,4262.4502,12948.6201,33544.3398,96.44,99.07
3/16/22,1908,4357.8599,13436.5498,34063.1016,95.04,98.38
3/17/22,1942.1,4411.6699,13614.7803,34480.7617,102.98,98.01
3/18/22,1928.2,4463.1201,13893.8398,34754.9297,104.7,98.23
3/21/22,1928.6,4461.1802,13838.46,34552.9883,112.12,98.5
3/22/22,1920.7,4511.6099,14108.8203,34807.4609,111.76,98.49
3/23/22,1936.6,4456.2402,13922.5996,34358.5,114.93,98.62
3/24/22,1961.6,4520.1602,14191.8398,34707.9414,112.34,98.79
3/25/22,1953.8,4543.0601,14169.2998,34861.2383,113.9,98.81
3/28/22,1939.6,4575.52,14354.9004,34955.8906,105.96,99.09
3/29/22,1912,4631.6001,14619.6396,35294.1914,104.24,98.4
3/30/22,1933.5,4602.4502,14442.2695,35228.8086,107.82,97.79
3/31/22,1949.2,4530.4102,14220.5195,34678.3516,100.28,98.31
4/1/22,1919.1,4545.8599,14261.5,34818.2695,99.27,98.63
4/4/22,1929.2,4582.6401,14532.5498,34921.8789,103.28,98.99
4/5/22,1922.9,4525.1201,14204.1699,34641.1797,101.96,99.47
4/6/22,1918.4,4481.1499,13888.8203,34496.5117,96.23,99.6
4/7/22,1933.8,4500.21,13897.2998,34583.5703,96.03,99.75
4/8/22,1941.6,4488.2798,13711,34721.1211,98.26,99.8
4/11/22,1944.3,4412.5298,13411.96,34308.0781,94.29,99.93
4/12/22,1972.1,4397.4502,13371.5703,34220.3594,100.6,100.29
4/13/22,1981,4446.5898,13643.5898,34564.5898,104.25,99.88
4/14/22,1970.9,4392.5898,13351.0801,34451.2305,106.95,100.32
4/18/22,1982.9,4391.6899,13332.3604,34411.6914,108.21,100.78
4/19/22,1955.7,4462.21,13619.6602,34911.1992,102.56,100.96
4/20/22,1952.3,4459.4502,13453.0703,35160.7891,102.75,100.39
4/21/22,1944.9,4393.6602,13174.6504,34792.7617,103.79,100.58
4/22/22,1931,4271.7798,12839.29,33811.3984,102.07,101.22
4/25/22,1893.2,4296.1201,13004.8496,34049.4609,98.54,101.75
4/26/22,1901.4,4175.2002,12490.7402,33240.1797,101.7,102.3
4/27/22,1885.9,4183.96,12488.9297,33301.9297,102.02,102.95
4/28/22,1888.7,4287.5,12871.5303,33916.3906,105.36,103.62
4/29/22,1909.3,4131.9302,12334.6396,32977.2109,104.69,102.96
5/2/22,1861.8,4155.3799,12536.0195,33061.5,105.17,103.74
5/3/22,1868.8,4175.48,12563.7598,33128.7891,102.41,103.47
5/4/22,1867,4300.1699,12964.8604,34061.0586,107.81,102.59
5/5/22,1874,4146.8701,12317.6904,32997.9688,108.26,103.75
5/6/22,1881.2,4123.3398,12144.6602,32899.3711,109.77,103.66
5/9/22,1857.1,3991.24,11623.25,32245.6992,103.09,103.65
5/10/22,1839.9,4001.05,11737.6699,32160.7402,99.76,103.92
5/11/22,1852.6,3935.1799,11364.2402,31834.1094,105.71,103.85
5/12/22,1823.8,3930.0801,11370.96,31730.3008,106.13,104.85
5/13/22,1807.4,4023.8899,11805,32196.6602,110.49,104.56
5/16/22,1813.5,4008.01,11662.79,32223.4199,114.2,104.19
5/17/22,1818.2,4088.8501,11984.5195,32654.5898,112.4,103.36
5/18/22,1815.9,3923.6799,11418.1504,31490.0703,109.59,103.81
5/19/22,1841.2,3900.79,11388.5,31253.1309,112.21,102.72
5/20/22,1841.8,3901.3601,11354.6201,31261.9004,113.23,103.15
5/23/22,1847.8,3973.75,11535.2695,31880.2402,110.29,102.08
5/24/22,1865.1,3941.48,11264.4502,31928.6191,109.77,101.86
5/25/22,1846.2,3978.73,11434.7402,32120.2793,110.33,102.06
5/26/22,1847.4,4057.8401,11740.6504,32637.1895,114.09,101.83
5/27/22,1851.3,4158.2402,12131.1299,33212.9609,115.07,101.67
5/31/22,1842.7,4132.1499,12081.3896,32990.1211,114.67,101.75
6/1/22,1843.3,4101.23,11994.46,32813.2305,115.26,102.55
6/2/22,1866.5,4176.8198,12316.9004,33248.2813,116.87,101.77
6/3/22,1845.4,4108.54,12012.7305,32899.6992,118.87,102.14
6/6/22,1839.2,4121.4302,12061.3701,32915.7813,118.5,102.44
6/7/22,1847.5,4160.6802,12175.2305,33180.1406,119.41,102.32
6/8/22,1851.9,4115.77,12086.2695,32910.8984,122.11,102.54
6/9/22,1848.8,4017.8201,11754.2305,32272.7891,121.51,103.22
6/10/22,1871.5,3900.8601,11340.0195,31392.7891,120.67,104.15
6/13/22,1828,3749.6299,10809.2305,30516.7402,120.93,105.08
6/14/22,1809.5,3735.48,10828.3496,30364.8301,118.93,105.52
6/15/22,1815.3,3789.99,11099.1504,30668.5293,115.31,105.16
6/16/22,1845.7,3666.77,10646.0996,29927.0703,117.59,103.63
6/17/22,1835.6,3674.8401,10798.3496,29888.7793,109.56,104.7
6/21/22,1834.6,3764.79,11069.2998,30530.25,110.65,104.44
6/22/22,1834.3,3759.8899,11053.0801,30483.1309,106.19,104.2
6/23/22,1825.7,3795.73,11232.1904,30677.3594,104.27,104.43
6/24/22,1826.5,3911.74,11607.6201,31500.6797,107.62,104.19
6/27/22,1820.9,3900.1101,11524.5498,31438.2598,109.57,103.94
6/28/22,1817.5,3821.55,11181.54,30946.9902,111.76,104.51
6/29/22,1813.7,3818.8301,11177.8896,31029.3105,109.78,105.11
6/30/22,1804.1,3785.3799,11028.7402,30775.4297,105.76,104.69
7/1/22,1798.9,3825.3301,11127.8496,31097.2598,108.43,105.14
7/5/22,1761.8,3831.3899,11322.2402,30967.8203,99.5,106.5
7/6/22,1734.9,3845.0801,11361.8496,31037.6797,98.53,107.1
7/7/22,1737.9,3902.6201,11621.3496,31384.5508,102.73,107.13
7/8/22,1740.6,3899.3799,11635.3096,31338.1504,104.79,107.01
7/11/22,1730,3854.4299,11372.5996,31173.8398,104.09,108.02
7/12/22,1723.3,3818.8,11264.7305,30981.3301,95.84,108.07
7/13/22,1734.2,3801.78,11247.5801,30772.7891,96.3,107.96
7/14/22,1704.5,3790.3799,11251.1904,30630.1699,95.78,108.54
7/15/22,1702.4,3863.1599,11452.4199,31288.2598,97.59,108.06
7/18/22,1709.2,3830.8501,11360.0498,31072.6094,102.6,107.37
7/19/22,1710,3936.6899,11713.1504,31827.0508,104.22,106.68
7/20/22,1699.5,3959.8999,11897.6504,31874.8398,102.26,107.08
7/21/22,1712.7,3998.95,12059.6104,32036.9004,96.35,106.91
7/22/22,1727.1,3961.6299,11834.1104,31899.2891,94.7,106.73
7/25/22,1719,3966.8401,11782.6699,31990.0391,96.7,106.48
7/26/22,1717.7,3921.05,11562.5703,31761.5391,94.98,107.19
7/27/22,1719.1,4023.6101,12032.4199,32197.5898,97.26,106.45
7/28/22,1750.3,4072.4299,12162.5898,32529.6309,96.42,106.35
7/29/22,1762.9,4130.29,12390.6904,32845.1289,98.62,105.9
8/1/22,1769,4118.6299,12368.9805,32798.3984,93.89,105.45
8/2/22,1771.1,4091.1899,12348.7598,32396.1699,94.42,106.24
8/3/22,1758,4155.1699,12668.1602,32812.5,90.66,106.51
8/4/22,1788.5,4151.9399,12720.5801,32726.8203,88.54,105.69
8/5/22,1772.9,4145.1899,12657.5498,32803.4688,89.01,106.62
8/8/22,1786.8,4140.0601,12644.46,32832.5391,90.76,106.44
8/9/22,1794,4122.4702,12493.9297,32774.4102,90.5,106.37
8/10/22,1795.6,4210.2402,12854.7998,33309.5117,91.93,105.2
8/11/22,1789.7,4207.27,12779.9102,33336.6719,94.34,105.09
8/12/22,1798.6,4280.1499,13047.1904,33761.0508,92.09,105.63
8/15/22,1781.4,4297.1401,13128.0498,33912.4414,89.41,106.55
8/16/22,1773.2,4305.2002,13102.5498,34152.0117,86.53,106.5
8/17/22,1760.3,4274.04,12938.1201,33980.3203,88.11,106.57
8/18/22,1755.3,4283.7402,12965.3398,33999.0391,90.5,107.48
8/19/22,1747.6,4228.48,12705.2197,33706.7383,90.77,108.17
8/22/22,1734,4137.9902,12381.5703,33063.6094,90.23,109.05
8/23/22,1746.8,4128.73,12381.2998,32909.5898,93.74,108.62
8/24/22,1747.8,4140.77,12431.5303,32969.2305,94.89,108.68
8/25/22,1757.7,4199.1201,12639.2695,33291.7813,92.52,108.47
8/26/22,1736.1,4057.6599,12141.71,32283.4004,93.06,108.8
8/29/22,1736.6,4030.6101,12017.6699,32098.9902,97.01,108.84
8/30/22,1723.2,3986.1599,11883.1396,31790.8691,91.64,108.77
8/31/22,1712.8,3955,11816.2002,31510.4297,89.55,108.7
9/1/22,1696.6,3966.8501,11785.1299,31656.4199,86.61,109.69
9/2/22,1709.8,3924.26,11630.8604,31318.4395,86.87,109.53
9/6/22,1700.4,3908.1899,11544.9102,31145.3008,86.88,110.21
9/7/22,1715.3,3979.8701,11791.9004,31581.2793,81.94,109.84
9/8/22,1708,4006.1799,11862.1299,31774.5195,83.54,109.71
9/9/22,1716.2,4067.3601,12112.3096,32151.7109,86.79,109
9/12/22,1728.1,4110.4102,12266.4102,32381.3398,87.78,108.33
9/13/22,1705,3932.6899,11633.5703,31104.9707,87.31,109.82
9/14/22,1696.5,3946.01,11719.6797,31135.0898,88.48,109.66
9/15/22,1665.4,3901.3501,11552.3604,30961.8203,85.1,109.74
9/16/22,1671.7,3873.3301,11448.4004,30822.4199,85.11,109.76
9/19/22,1666.2,3899.8899,11535.0195,31019.6797,85.73,109.74
9/20/22,1659.7,3855.9299,11425.0498,30706.2305,84.45,110.22
9/21/22,1664.6,3789.9299,11220.1904,30183.7793,82.94,110.64
9/22/22,1670.8,3757.99,11066.8096,30076.6797,83.49,111.35
9/23/22,1645.3,3693.23,10867.9297,29590.4102,78.74,113.19
9/26/22,1623.3,3655.04,10802.9199,29260.8105,76.71,114.1
9/27/22,1626.7,3647.29,10829.5,29134.9902,78.5,114.11
9/28/22,1660.4,3719.04,11051.6396,29683.7402,82.15,112.6
9/29/22,1658.5,3640.47,10737.5098,29225.6094,81.23,112.25
9/30/22,1662.4,3585.6201,10575.6201,28725.5098,79.49,112.12
10/3/22,1692.9,3678.4299,10815.4297,29490.8906,83.63,111.75
10/4/22,1721.1,3790.9299,11176.4102,30316.3203,86.52,110.07
10/5/22,1711.4,3783.28,11148.6396,30273.8691,87.76,111.07
10/6/22,1711.7,3744.52,11073.3096,29926.9395,88.45,112.26
10/7/22,1700.5,3639.6599,10652.4004,29296.7891,92.64,112.8
10/10/22,1667.3,3612.3899,10542.0996,29202.8809,91.13,113.14
10/11/22,1678.7,3588.8401,10426.1904,29239.1895,89.35,113.22
10/12/22,1670.3,3577.03,10417.0996,29210.8496,87.27,113.32
10/13/22,1670,3669.9099,10649.1504,30038.7207,89.11,112.36
10/14/22,1641.7,3583.0701,10321.3896,29634.8301,85.61,113.31
10/17/22,1657,3677.95,10675.7998,30185.8203,85.46,112.04
10/18/22,1649,3719.98,10772.4004,30523.8008,82.82,112.13
10/19/22,1627.5,3695.1599,10680.5098,30423.8105,85.55,112.98
10/20/22,1630.8,3665.78,10614.8398,30333.5898,85.98,112.88
10/21/22,1651,3752.75,10859.7197,31082.5605,85.05,112.01
10/24/22,1648.7,3797.3401,10952.6104,31499.6191,84.58,111.99
10/25/22,1652.8,3859.1101,11199.1201,31836.7402,85.32,110.95
10/26/22,1664,3830.6001,10970.9902,31839.1094,87.91,109.7
10/27/22,1660.7,3807.3,10792.6699,32033.2793,89.08,110.59
10/28/22,1639.6,3901.0601,11102.4502,32861.8008,87.9,110.67
10/31/22,1635.9,3871.98,10988.1504,32732.9492,86.53,111.53
11/1/22,1645,3856.1001,10890.8496,32653.1992,88.37,111.48
11/2/22,1645.7,3759.6899,10524.7998,32147.7598,90,111.35
11/3/22,1627.3,3719.8899,10342.9404,32001.25,88.17,112.93
11/4/22,1672.5,3770.55,10475.25,32403.2207,92.61,110.88
11/7/22,1676.5,3806.8,10564.5195,32827,91.79,110.12
11/8/22,1712.1,3828.1101,10616.2002,33160.8281,88.91,109.62
11/9/22,1710.1,3748.5701,10353.1699,32513.9395,85.83,110.55
11/10/22,1750.3,3956.3701,11114.1504,33715.3711,86.47,108.21
11/11/22,1766,3992.9299,11323.3301,33747.8594,88.96,106.29
11/14/22,1773.6,3957.25,11196.2197,33536.6992,85.87,106.66
11/15/22,1773.8,3991.73,11358.4102,33592.9219,86.92,106.4
11/16/22,1773,3958.79,11183.6602,33553.8281,85.59,106.28
11/17/22,1760.8,3946.5601,11144.96,33546.3203,81.64,106.69
11/18/22,1751.9,3965.3401,11146.0596,33745.6914,80.08,106.93
11/21/22,1737.4,3949.9399,11024.5098,33700.2813,79.73,107.84
11/22/22,1738.3,4003.5801,11174.4102,34098.1016,80.95,107.22
11/23/22,1744.9,4027.26,11285.3203,34194.0586,77.94,106.08
11/25/22,1753.3,4026.1201,11226.3604,34347.0313,76.28,105.96
11/28/22,1740.1,3963.9399,11049.5,33849.4609,77.24,106.68
11/29/22,1748.4,3957.6299,10983.7803,33852.5313,78.2,106.82
11/30/22,1746,4080.1101,11468,34589.7695,80.55,105.95
12/1/22,1801.1,4076.5701,11482.4502,34395.0117,81.22,104.73
12/2/22,1795.9,4071.7,11461.5,34429.8789,79.98,104.55
12/5/22,1767.4,3998.8401,11239.9404,33947.1016,76.93,105.29
12/6/22,1769.3,3941.26,11014.8896,33596.3398,74.25,105.58
12/7/22,1785.5,3933.9199,10958.5498,33597.9219,72.01,105.1
12/8/22,1788.7,3963.51,11082,33781.4805,71.46,104.77
12/9/22,1798.1,3934.3799,11004.6201,33476.4609,71.02,104.81
12/12/22,1780.5,3990.5601,11143.7402,34005.0391,73.17,105.13
12/13/22,1813.9,4019.6499,11256.8096,34108.6406,75.39,103.98
12/14/22,1807.5,3995.3201,11170.8896,33966.3516,77.28,103.77
12/15/22,1777.2,3895.75,10810.5303,33202.2188,76.11,104.56
12/16/22,1790,3852.3601,10705.4102,32920.4609,74.29,104.7
12/19/22,1787.7,3817.6599,10546.0303,32757.5391,75.19,104.72
12/20/22,1815.9,3821.6201,10547.1104,32849.7383,76.09,103.97
12/21/22,1815.9,3878.4399,10709.3701,33376.4805,78.29,104.16
12/22/22,1787,3822.3899,10476.1201,33027.4883,77.49,104.43
12/23/22,1795.9,3844.8201,10497.8604,33203.9297,79.56,104.31
12/27/22,1814.8,3829.25,10353.2305,33241.5586,79.53,104.18
12/28/22,1807.9,3783.22,10213.29,32875.7109,78.96,104.46
12/29/22,1819.5,3849.28,10478.0898,33220.8008,78.4,103.84
12/30/22,1819.7,3839.5,10466.4805,33147.25,80.26,103.52
1/3/23,1839.7,3824.1399,10386.9805,33136.3711,76.93,104.52
1/4/23,1852.8,3852.97,10458.7598,33269.7695,72.84,104.25
1/5/23,1834.8,3808.1001,10305.2402,32930.0781,73.67,105.04
1/6/23,1864.2,3895.0801,10569.29,33630.6094,73.77,103.88
1/9/23,1872.7,3892.0901,10635.6504,33517.6484,74.63,103
1/10/23,1871.6,3919.25,10742.6299,33704.1016,75.12,103.24
1/11/23,1874.6,3969.6101,10931.6699,33973.0117,77.41,103.19
1/12/23,1895.5,3983.1699,11001.0996,34189.9688,78.39,102.25
1/13/23,1918.4,3999.0901,11079.1602,34302.6094,79.86,102.2
1/17/23,1907.2,3990.97,11095.1104,33910.8516,80.18,102.39
1/18/23,1904.4,3928.8601,10957.0098,33296.9609,79.48,102.36
1/19/23,1922.1,3898.8501,10852.2695,33044.5586,80.33,102.06
1/20/23,1926.4,3972.6101,11140.4297,33375.4883,81.31,102.01
1/23/23,1927.1,4019.8101,11364.4102,33629.5586,81.62,102.14
1/24/23,1933.9,4016.95,11334.2695,33733.9609,80.13,101.92
1/25/23,1941.2,4016.22,11313.3604,33743.8398,80.15,101.64
1/26/23,1929.1,4060.4299,11512.4102,33949.4102,81.01,101.84
1/27/23,1928.6,4070.5601,11621.71,33978.0781,79.68,101.93
1/30/23,1922.9,4017.77,11393.8096,33717.0898,77.9,102.28
1/31/23,1929.5,4076.6001,11584.5498,34086.0391,78.87,102.1
2/1/23,1927.8,4119.21,11816.3203,34092.9609,76.41,101.22
2/2/23,1916.3,4179.7598,12200.8203,34053.9414,75.88,101.75
2/3/23,1862.9,4136.48,12006.9502,33926.0117,73.39,102.92
2/6/23,1866.2,4111.0801,11887.4502,33891.0195,74.11,103.62
2/7/23,1871.7,4164,12113.79,34156.6914,77.14,103.43
2/8/23,1877.4,4117.8599,11910.5195,33949.0117,78.47,103.41
2/9/23,1866.2,4081.5,11789.5801,33699.8789,78.06,103.22
2/10/23,1862.8,4090.46,11718.1201,33869.2695,79.72,103.63
2/13/23,1851.9,4137.29,11891.79,34245.9297,80.14,103.35
2/14/23,1854,4136.1299,11960.1504,34089.2695,79.06,103.23
2/15/23,1834.2,4147.6001,12070.5898,34128.0508,78.59,103.92
2/16/23,1842,4090.4099,11855.8301,33696.8516,78.49,103.86
2/17/23,1840.4,4079.0901,11787.2695,33826.6914,76.34,103.86
2/21/23,1833,3997.3401,11492.2998,33129.5898,76.16,104.18
2/22/23,1832,3991.05,11507.0703,33045.0898,73.95,104.59
2/23/23,1818,4012.3201,11590.4004,33153.9102,75.39,104.6
2/24/23,1808.8,3970.04,11394.9404,32816.9219,76.32,105.21
2/27/23,1817,3982.24,11466.9805,32889.0898,75.68,104.67
2/28/23,1828.9,3970.1499,11455.54,32656.6992,77.05,104.87
3/1/23,1837.7,3951.3899,11379.4805,32661.8398,77.69,104.48
3/2/23,1833.5,3981.3501,11462.9805,33003.5703,78.16,105.03
3/3/23,1847.7,4045.6399,11689.0098,33390.9688,79.68,104.52
3/6/23,1847.9,4048.4199,11675.7402,33431.4414,80.46,104.35
3/7/23,1813.9,3986.3701,11530.3301,32856.4609,77.58,105.62
3/8/23,1812.7,3992.01,11576,32798.3984,76.66,105.66
3/9/23,1829.3,3918.3201,11338.3496,32254.8594,75.72,105.31
3/10/23,1862,3861.5901,11138.8896,31909.6406,76.68,104.58
3/13/23,1911.7,3855.76,11188.8398,31819.1406,74.8,103.6
3/14/23,1906.2,3919.29,11428.1504,32155.4004,71.33,103.6
3/15/23,1926.6,3891.9299,11434.0498,31874.5703,67.61,104.65
3/16/23,1919,3960.28,11717.2803,32246.5508,68.35,104.42
3/17/23,1969.8,3916.6399,11630.5098,31861.9805,66.74,103.71
3/20/23,1979.2,3951.5701,11675.54,32244.5801,67.64,103.28
3/21/23,1938,4002.8701,11860.1104,32560.5996,69.33,103.26
3/22/23,1946.8,3936.97,11669.96,32030.1094,70.9,102.35
3/23/23,1993.8,3948.72,11787.4004,32105.25,69.96,102.53
3/24/23,1982.1,3970.99,11823.96,32237.5293,69.26,103.12
3/27/23,1952.4,3977.53,11768.8398,32432.0801,72.81,102.86
3/28/23,1972.4,3971.27,11716.0801,32394.25,73.2,102.43
3/29/23,1966.1,4027.8101,11926.2402,32717.5996,72.97,102.64
3/30/23,1980.3,4050.8301,12013.4697,32859.0313,74.37,102.14
3/31/23,1969,4109.3101,12221.9102,33274.1484,75.67,102.51
4/3/23,1983.9,4124.5098,12189.4502,33601.1484,80.42,102.09
4/4/23,2022.2,4100.6001,12126.3301,33402.3789,80.71,101.59
4/5/23,2020.9,4090.3799,11996.8604,33482.7188,80.61,101.85
4/6/23,2011.9,4105.02,12087.96,33485.2891,80.7,101.82
4/10/23,1989.1,4109.1099,12084.3604,33586.5195,79.74,102.58
4/11/23,2004.8,4108.9399,12031.8799,33684.7891,81.53,102.2
4/12/23,2010.9,4091.95,11929.3398,33646.5,83.26,101.5
4/13/23,2041.3,4146.2202,12166.2695,34029.6914,82.16,101.01
4/14/23,2002.2,4137.6401,12123.4697,33886.4688,82.52,101.55
4/17/23,1994.2,4151.3198,12157.7197,33987.1797,80.83,102.1
4/18/23,2007.4,4154.8701,12153.4102,33976.6289,80.86,101.75
4/19/23,1995.2,4154.52,12157.2305,33897.0117,79.16,101.97
4/20/23,2007.6,4129.79,12059.5596,33786.6211,77.29,101.84
4/21/23,1979.5,4133.52,12072.46,33808.9609,77.87,101.82
4/24/23,1989.1,4137.04,12037.2002,33875.3984,78.76,101.35
4/25/23,1994,4071.6299,11799.1602,33530.8281,77.07,101.86
4/26/23,1985.7,4055.99,11854.3496,33301.8711,74.3,101.47
4/27/23,1989.9,4135.3501,12142.2402,33826.1602,74.76,101.5
4/28/23,1990.1,4169.48,12226.5801,34098.1602,76.78,101.67
5/1/23,1983.4,4167.8701,12212.5996,34051.6992,75.66,102.15
5/2/23,2014.3,4119.5801,12080.5098,33684.5313,71.66,101.96
5/3/23,2028.6,4090.75,12025.3301,33414.2383,68.6,101.34
5/4/23,2048,4061.22,11966.4004,33127.7383,68.56,101.4
5/5/23,2017.4,4136.25,12235.4102,33674.3789,71.34,101.21
5/8/23,2026.3,4138.1201,12256.9199,33618.6914,73.16,101.37
5/9/23,2036.2,4119.1699,12179.5498,33561.8086,73.71,101.61
5/10/23,2030.5,4137.6401,12306.4404,33531.3281,72.56,101.48
5/11/23,2014.7,4130.6201,12328.5098,33309.5117,70.87,102.06
5/12/23,2014.5,4124.0801,12284.7402,33300.6211,70.04,102.68
5/15/23,2018,4136.2798,12365.21,33348.6016,71.11,102.43
5/16/23,1988.4,4109.8999,12343.0498,33012.1406,70.86,102.56
5/17/23,1980.7,4158.77,12500.5703,33420.7695,72.83,102.88
5/18/23,1956.5,4198.0498,12688.8398,33535.9102,71.86,103.58
5/19/23,1978.7,4191.98,12657.9004,33426.6289,71.55,103.2
5/22/23,1974.8,4192.6299,12720.7803,33286.5781,71.99,103.2
5/23/23,1972.4,4145.5801,12560.25,33055.5117,72.91,103.49
5/24/23,1962.8,4115.2402,12484.1602,32799.9219,74.34,103.89
5/25/23,1943.1,4151.2798,12698.0898,32764.6504,71.83,104.21
5/26/23,1944.1,4205.4502,12975.6904,33093.3398,72.67,104.21
5/30/23,1958,4205.52,13017.4297,33042.7813,69.46,104.17
5/31/23,1963.9,4179.8301,12935.29,32908.2695,68.09,104.32
6/1/23,1978,4221.02,13100.9805,33061.5703,70.1,103.56
6/2/23,1952.4,4282.3701,13240.7695,33762.7617,71.74,104.02
6/5/23,1958,4273.79,13229.4297,33562.8594,72.15,104
6/6/23,1965.5,4283.8501,13276.4199,33573.2813,71.74,104.13
6/7/23,1942.7,4267.52,13104.9004,33665.0195,72.53,104.1
6/8/23,1963.6,4293.9302,13238.5195,33833.6094,71.29,103.34
6/9/23,1962.2,4298.8599,13259.1396,33876.7813,70.17,103.56
6/12/23,1955.3,4338.9302,13461.9199,34066.3281,67.12,103.63
6/13/23,1944.6,4369.0098,13573.3203,34212.1211,69.42,103.34
6/14/23,1955.3,4372.5898,13626.4805,33979.3281,68.27,103.01
6/15/23,1957.8,4425.8398,13782.8203,34408.0586,70.62,102.12
6/16/23,1958.4,4409.5898,13689.5703,34299.1211,71.78,102.3
6/20/23,1935.5,4388.71,13667.29,34053.8711,70.5,102.54
6/21/23,1933.3,4365.6899,13502.2002,33951.5195,72.53,102.07
6/22/23,1912.7,4381.8901,13630.6104,33946.7109,69.51,102.39
6/23/23,1919.1,4348.3301,13492.5195,33727.4297,69.16,102.9
6/26/23,1923.7,4328.8198,13335.7803,33714.7109,69.37,102.69
6/27/23,1914,4378.4102,13555.6699,33926.7383,67.7,102.49
6/28/23,1912.3,4376.8599,13591.75,33852.6602,69.56,102.91
6/29/23,1909.2,4396.4399,13591.3301,34122.4219,69.86,103.34
6/30/23,1921.1,4450.3799,13787.9199,34407.6016,70.64,102.91
7/3/23,1921.7,4455.5898,13816.7695,34418.4688,69.79,102.99
7/5/23,1919.6,4446.8198,13791.6504,34288.6406,71.79,103.37
7/6/23,1908.7,4411.5898,13679.04,33922.2617,71.8,103.17
7/7/23,1926.2,4398.9502,13660.7197,33734.8789,73.86,102.27
7/10/23,1925,4409.5298,13685.4805,33944.3984,72.99,101.97
7/11/23,1931.3,4439.2598,13760.7002,34261.4219,74.83,101.73
7/12/23,1956.2,4472.1602,13918.96,34347.4297,75.75,100.52
7/13/23,1959.2,4510.04,14138.5703,34395.1406,76.89,99.77
7/14/23,1960.1,4505.4199,14113.7002,34509.0313,75.42,99.91
7/17/23,1952.4,4522.79,14244.9502,34585.3516,74.15,99.84
7/18/23,1977.2,4554.98,14353.6396,34951.9297,75.75,99.94
7/19/23,1977.5,4565.7202,14358.0195,35061.2109,75.35,100.28
7/20/23,1968.3,4534.8701,14063.3096,35225.1797,75.63,100.88
7/21/23,1964.3,4536.3398,14032.8096,35227.6914,77.07,101.07
7/24/23,1960.3,4554.6401,14058.8701,35411.2383,78.74,101.35
7/25/23,1962.1,4567.46,14144.5596,35438.0703,79.63,101.35
7/26/23,1968.9,4566.75,14127.2803,35520.1211,78.78,100.89
7/27/23,1945.4,4537.4102,14050.1104,35282.7188,80.09,101.77
7/28/23,1960.4,4582.23,14316.6602,35459.2891,80.58,101.62
7/31/23,1970.5,4588.96,14346.0195,35559.5313,81.8,101.86
8/1/23,1940.7,4576.73,14283.9102,35630.6797,81.37,102.3
8/2/23,1937.4,4513.3901,13973.4502,35282.5195,79.49,102.59
8/3/23,1932,4501.8901,13959.7197,35215.8906,81.55,102.54
8/4/23,1939.6,4478.0298,13909.2402,35065.6211,82.82,102.02
8/7/23,1933.5,4518.4399,13994.4004,35473.1289,81.94,102.05
8/8/23,1924.1,4499.3799,13884.3203,35314.4883,82.92,102.53
8/9/23,1915.4,4467.71,13722.0195,35123.3594,84.4,102.49
8/10/23,1914.4,4468.8301,13737.9902,35176.1484,82.82,102.52
8/11/23,1912.9,4464.0498,13644.8496,35281.3984,83.19,102.84
8/14/23,1910.6,4489.7202,13788.3301,35307.6289,82.51,103.19
8/15/23,1902.5,4437.8599,13631.0498,34946.3906,80.99,103.21
8/16/23,1896.1,4404.3301,13474.6299,34765.7383,79.38,103.42
8/17/23,1884.1,4370.3599,13316.9297,34474.8281,80.39,103.44
8/18/23,1886.1,4369.71,13290.7803,34500.6602,81.25,103.38
8/21/23,1893.3,4399.77,13497.5898,34463.6914,80.72,103.33
8/22/23,1896.4,4387.5498,13505.8701,34288.8281,80.35,103.56
8/23/23,1918.5,4436.0098,13721.0303,34472.9805,78.89,103.36
8/24/23,1918.2,4376.3101,13463.9697,34099.4219,79.05,103.98
8/25/23,1911.1,4405.71,13590.6504,34346.8984,79.83,104.08
8/28/23,1917.9,4433.3101,13705.1299,34559.9805,80.1,104.06
8/29/23,1936.5,4497.6299,13943.7598,34852.6719,81.16,103.55
8/30/23,1944.3,4514.8701,14019.3096,34890.2383,81.63,103.16
8/31/23,1938.2,4507.6602,14034.9697,34721.9102,83.63,103.62
9/1/23,1939.8,4515.77,14031.8096,34837.7109,85.55,104.24
9/5/23,1926.2,4496.8301,14020.9502,34641.9688,86.69,104.81
9/6/23,1918.1,4465.48,13872.4697,34443.1914,87.54,104.86
9/7/23,1917.5,4451.1401,13748.8301,34500.7305,86.87,105.06
9/8/23,1918.4,4457.4902,13761.5303,34576.5898,87.51,105.09
9/11/23,1923.3,4487.46,13917.8896,34663.7188,87.29,104.57
9/12/23,1911.3,4461.8999,13773.6104,34645.9883,88.84,104.71
9/13/23,1909.1,4467.4399,13813.5898,34575.5313,88.52,104.77
9/14/23,1910,4505.1001,13926.0498,34907.1094,90.16,105.41
9/15/23,1923.7,4450.3198,13708.3301,34618.2383,90.77,105.32
9/18/23,1931.5,4453.5298,13710.2402,34624.3008,91.48,105.2
9/19/23,1932,4443.9502,13678.1904,34517.7305,91.2,105.2
9/20/23,1945.6,4402.2002,13469.1299,34440.8789,90.28,105.16
9/21/23,1919.2,4330,13223.9805,34070.4219,89.63,105.36
9/22/23,1925.4,4320.0601,13211.8096,33963.8398,90.03,105.58
9/25/23,1916.6,4337.4399,13271.3203,34006.8789,89.68,106
9/26/23,1900.4,4273.5298,13063.6104,33618.8789,90.39,106.23
9/27/23,1871.6,4274.5098,13092.8496,33550.2695,93.68,106.67
9/28/23,1860.4,4299.7002,13201.2803,33666.3398,91.71,106.22
9/29/23,1848.1,4288.0498,13219.3203,33507.5,90.79,106.17
10/2/23,1830,4288.3901,13307.7695,33433.3516,88.82,106.9
10/3/23,1824.6,4229.4502,13059.4697,33002.3789,89.23,107
10/4/23,1818.5,4263.75,13236.0098,33129.5508,84.22,106.8
10/5/23,1816.6,4258.1899,13219.8301,33119.5703,82.31,106.33
10/6/23,1830.2,4308.5,13431.3398,33407.5781,82.79,106.04
10/9/23,1849.5,4335.6602,13484.2402,33604.6484,86.38,106.08
10/10/23,1861,4358.2402,13562.8398,33739.3008,85.97,105.83
10/11/23,1872.8,4376.9502,13659.6797,33804.8711,83.49,105.82
10/12/23,1869.3,4349.6099,13574.2197,33631.1406,82.91,106.57
10/13/23,1927.4,4327.7798,13407.2305,33670.2891,87.69,106.65
10/16/23,1921.1,4373.6299,13567.9805,33984.5391,86.66,106.24
10/17/23,1922.7,4373.2002,13533.75,33997.6484,86.66,106.25
10/18/23,1955.3,4314.6001,13314.2998,33665.0781,88.32,106.57
10/19/23,1968.4,4278,13186.1797,33414.1719,89.37,106.25
10/20/23,1982.5,4224.1602,12983.8096,33127.2813,88.75,106.16
10/23/23,1976.3,4217.04,13018.3301,32936.4102,85.49,105.54
10/24/23,1975,4247.6802,13139.8701,33141.3789,83.74,106.27
10/25/23,1984.1,4186.77,12821.2197,33035.9297,85.39,106.53
10/26/23,1987.2,4137.23,12595.6104,32784.3008,83.21,106.6
10/27/23,1988.6,4117.3701,12643.0098,32417.5898,85.54,106.56
10/30/23,1996.2,4166.8198,12789.4805,32928.9609,82.31,106.12
10/31/23,1985.2,4193.7998,12851.2402,33052.8711,81.02,106.66
11/1/23,1978.8,4237.8599,13061.4697,33274.5781,80.44,106.88
11/2/23,1985.6,4317.7798,13294.1904,33839.0781,82.46,106.12
11/3/23,1991.5,4358.3398,13478.2803,34061.3203,80.51,105.02
11/6/23,1981.6,4365.98,13518.7803,34095.8594,80.82,105.22
11/7/23,1966.8,4378.3799,13639.8604,34152.6016,77.37,105.54
11/8/23,1951.5,4382.7798,13650.4102,34112.2695,75.33,105.59
11/9/23,1964.2,4347.3501,13521.4502,33891.9414,75.74,105.91
11/10/23,1932.6,4415.2402,13798.1104,34283.1016,77.17,105.86
11/13/23,1945.5,4411.5498,13767.7402,34337.8711,78.26,105.66
11/14/23,1961.8,4495.7002,14094.3799,34827.6992,78.26,104.11
11/15/23,1960.1,4502.8799,14103.8398,34991.2109,76.66,104.39
11/16/23,1983.9,4508.2402,14113.6699,34945.4688,72.9,104.37
11/17/23,1981.6,4514.02,14125.4805,34947.2813,75.89,103.82
11/20/23,1977.7,4547.3799,14284.5303,35151.0391,77.6,103.47
11/21/23,1999.3,4538.1899,14199.9805,35088.2891,77.77,103.57
11/22/23,1991.4,4556.6201,14265.8604,35273.0313,77.1,103.92
11/24/23,2002.2,4559.3398,14250.8496,35390.1484,75.54,103.4
11/27/23,2011.8,4550.4302,14241.0195,35333.4688,74.86,103.2
11/28/23,2039.7,4554.8901,14281.7598,35416.9805,76.41,102.75
11/29/23,2047.1,4550.5801,14258.4902,35430.4219,77.86,102.77
11/30/23,2038.1,4567.7998,14226.2197,35950.8906,75.96,103.5
12/1/23,2071,4594.6299,14305.0303,36245.5,74.07,103.27
12/4/23,2024.1,4569.7798,14185.4902,36204.4414,73.04,103.64
12/5/23,2018.5,4567.1802,14229.9102,36124.5586,72.32,104.05
12/6/23,2030.5,4549.3398,14146.71,36054.4297,69.38,104.15
12/7/23,2029.9,4585.5898,14339.9902,36117.3789,69.34,103.54
12/8/23,1998.3,4604.3701,14403.9697,36247.8711,71.23,104.01
12/11/23,1978,4622.4399,14432.4902,36404.9297,71.32,104.1
12/12/23,1977.8,4643.7002,14533.4004,36577.9414,68.61,103.87
12/13/23,1982.3,4707.0898,14733.96,37090.2383,69.47,102.87
12/14/23,2030.2,4719.5498,14761.5596,37248.3516,71.58,101.96
12/15/23,2021.1,4719.1899,14813.9199,37305.1602,71.43,102.55
12/18/23,2026.3,4740.5601,14904.8096,37306.0195,72.47,102.51
12/19/23,2038.4,4768.3701,15003.2197,37557.9219,73.44,102.17
12/20/23,2034.5,4698.3501,14777.9404,37082,74.22,102.41
12/21/23,2039.1,4746.75,14963.8701,37404.3516,73.89,101.84
12/22/23,2057.1001,4754.6299,14992.9697,37385.9688,73.56,101.7
12/26/23,2058.2,4774.75,15074.5703,37545.3281,75.57,101.47
12/27/23,2081.8999,4781.5801,15099.1797,37656.5195,74.11,100.99
12/28/23,2073.8999,4783.3501,15095.1396,37710.1016,71.77,101.23
12/29/23,2062.3999,4769.8301,15011.3496,37689.5391,71.65,101.33
1/2/24,2064.3999,4742.8301,14765.9404,37715.0391,70.38,102.2
1/3/24,2034.2,4704.8101,14592.21,37430.1914,72.7,102.46
1/4/24,2042.3,4688.6802,14510.2998,37440.3398,72.19,102.42
1/5/24,2042.4,4697.2402,14524.0703,37466.1094,73.81,102.41
1/8/24,2026.6,4763.54,14843.7695,37683.0117,70.77,102.21
1/9/24,2026.4,4756.5,14857.71,37525.1602,72.24,102.57
1/10/24,2021.7,4783.4502,14969.6504,37695.7305,71.37,102.36
1/11/24,2014.3,4780.2402,14970.1904,37711.0195,72.02,102.29
1/12/24,2046.7,4783.8301,14972.7598,37592.9805,72.68,102.4
1/16/24,2026,4765.98,14944.3496,37361.1211,72.4,103.36
1/17/24,2002.6,4739.21,14855.6201,37266.6719,72.56,103.45
1/18/24,2018.6,4780.9399,15055.6504,37468.6094,74.08,103.54
1/19/24,2026.5,4839.8101,15310.9697,37863.8008,73.41,103.29
1/22/24,2019.8,4850.4302,15360.29,38001.8086,75.19,103.33
1/23/24,2023.7,4864.6001,15425.9404,37905.4492,74.37,103.62
1/24/24,2013.9,4868.5498,15481.9199,37806.3906,75.09,103.24
1/25/24,2016.9,4894.1602,15510.5,38049.1289,77.36,103.57
1/26/24,2016.8,4890.9702,15455.3604,38109.4297,78.01,103.47
1/29/24,2025.2,4927.9302,15628.04,38333.4492,76.78,103.61
1/30/24,2031.5,4924.9702,15509.9004,38467.3086,77.82,103.4
1/31/24,2048.3999,4845.6499,15164.0098,38150.3008,75.85,103.27
2/1/24,2053,4906.1899,15361.6396,38519.8398,73.82,103.05
2/2/24,2036.1,4958.6099,15628.9502,38654.4219,72.28,103.92
2/5/24,2025.7,4942.8101,15597.6797,38380.1211,72.78,104.45
2/6/24,2034.5,4954.23,15609,38521.3594,73.31,104.18
2/7/24,2035.2,4995.0601,15756.6396,38677.3594,73.86,104.04
2/8/24,2032.2,4997.9102,15793.71,38726.3281,76.22,104.15
2/9/24,2023.3,5026.6099,15990.6602,38671.6914,76.84,104.08
2/12/24,2018.2,5021.8398,15942.5498,38797.3789,76.92,104.17
2/13/24,1992.9,4953.1699,15655.5996,38272.75,77.87,104.96
2/14/24,1990.3,5000.6201,15859.1504,38424.2695,76.64,104.72
2/15/24,2002.1,5029.73,15906.1699,38773.1211,78.03,104.3
2/16/24,2011.5,5005.5698,15775.6504,38627.9883,79.19,104.3
2/20/24,2027.5,4975.5098,15630.7803,38563.8008,78.18,104.08
2/21/24,2022.3,4981.7998,15580.8701,38612.2383,77.91,104.01
2/22/24,2019.7,5087.0298,16041.6201,39069.1094,78.61,103.96
2/23/24,2038.6,5088.7998,15996.8203,39131.5313,76.49,103.94
2/26/24,2028.5,5069.5298,15976.25,39069.2305,77.58,103.83
2/27/24,2034,5078.1802,16035.2998,38972.4102,78.87,103.83
2/28/24,2033,5069.7598,15947.7402,38949.0195,78.54,103.98
2/29/24,2045.7,5096.27,16091.9199,38996.3906,78.26,104.16
3/1/24,2086.8999,5137.0801,16274.9404,39087.3789,79.97,103.86
3/4/24,2117.7,5130.9502,16207.5098,38989.8281,78.74,103.83
3/5/24,2133.5,5078.6499,15939.5898,38585.1914,78.15,103.8
3/6/24,2150.3,5104.7598,16031.54,38661.0508,79.13,103.37
3/7/24,2158,5157.3599,16273.3799,38791.3516,78.93,102.82
3/8/24,2178.6001,5123.6899,16085.1104,38722.6914,78.01,102.74
3/11/24,2182.5,5117.9399,16019.2695,38769.6602,77.93,102.87
3/12/24,2160.3999,5175.27,16265.6396,39005.4883,77.56,102.96
3/13/24,2175.3999,5165.3101,16177.7695,39043.3203,79.72,102.79
3/14/24,2163,5150.48,16128.5303,38905.6602,81.26,103.36
3/15/24,2157.3,5117.0898,15973.1699,38714.7695,81.04,103.43
3/18/24,2160.7,5149.4199,16103.4502,38790.4297,82.72,103.58
3/19/24,2156.3,5178.5098,16166.79,39110.7617,83.47,103.81
3/20/24,2157.8999,5224.6201,16369.4102,39512.1289,81.68,103.41
3/21/24,2182.3999,5241.5298,16401.8398,39781.3711,81.07,104
3/22/24,2158.1001,5234.1802,16428.8203,39475.8984,80.63,104.43
3/25/24,2174.8,5218.1899,16384.4707,39313.6406,81.95,104.23
3/26/24,2175.6001,5203.5801,16315.7002,39282.3281,81.62,104.29
3/27/24,2190.6001,5248.4902,16399.5195,39760.0781,81.35,104.35
3/28/24,2217.3999,5254.3501,16379.46,39807.3711,83.17,104.55
4/1/24,2236.5,5243.77,16396.8301,39566.8516,83.71,105.02
4/2/24,2261,5205.8101,16240.4502,39170.2383,85.15,104.82
4/3/24,2294.3999,5211.4902,16277.46,39127.1406,85.43,104.25
4/4/24,2288.8,5147.21,16049.0801,38596.9805,86.59,104.12
4/5/24,2325.7,5204.3398,16248.5195,38904.0391,86.91,104.3
4/8/24,2331.7,5202.3901,16253.96,38892.8008,86.43,104.14
4/9/24,2343.5,5209.9102,16306.6396,38883.6719,85.23,104.15
4/10/24,2329.6001,5160.6401,16170.3604,38461.5117,86.21,105.25
4/11/24,2354.8,5199.0601,16442.1992,38459.0781,85.02,105.28
4/12/24,2356.2,5123.4102,16175.0898,37983.2383,85.66,106.04
4/15/24,2365.8,5061.8198,15885.0195,37735.1094,85.41,106.21
4/16/24,2390.8,5051.4102,15865.25,37798.9688,85.36,106.26
4/17/24,2371.7,5022.21,15683.3701,37753.3086,82.69,105.95
4/18/24,2382.3,5011.1201,15601.5,37775.3789,82.73,106.15
4/19/24,2398.3999,4967.23,15282.0098,37986.3984,83.14,106.15
4/22/24,2332.2,5010.6001,15451.3096,38239.9805,82.85,106.08
4/23/24,2327.7,5070.5498,15696.6396,38503.6914,83.36,105.69
4/24/24,2324.5,5071.6299,15712.75,38460.9219,82.81,105.86
4/25/24,2329.8,5048.4199,15611.7598,38085.8008,83.57,105.6
4/26/24,2334.8,5099.96,15927.9004,38239.6602,83.85,105.94
4/29/24,2345.3999,5116.1699,15983.0801,38386.0898,82.63,105.58
4/30/24,2291.3999,5035.6899,15657.8203,37815.9219,81.93,106.22
5/1/24,2299.8999,5018.3901,15605.4805,37903.2891,79,105.76
5/2/24,2299.2,5064.2002,15840.96,38225.6602,78.95,105.3
5/3/24,2299,5127.79,16156.3301,38675.6797,78.11,105.03
5/6/24,2321.6001,5180.7402,16349.25,38852.2695,78.48,105.05
5/7/24,2315.2,5187.7002,16332.5596,38884.2617,78.38,105.41
5/8/24,2313.6001,5187.6699,16302.7598,39056.3906,78.99,105.55
5/9/24,2332.1001,5214.0801,16346.2598,39387.7617,79.26,105.23
5/10/24,2367.3,5222.6802,16340.8701,39512.8398,78.26,105.31
5/13/24,2336.1001,5221.4199,16388.2402,39431.5117,79.12,105.22
5/14/24,2353.3999,5246.6802,16511.1797,39558.1094,78.02,105.01
5/15/24,2388.7,5308.1499,16742.3906,39908,78.63,104.35
5/16/24,2380,5297.1001,16698.3203,39869.3789,79.23,104.46
5/17/24,2412.2,5303.27,16685.9707,40003.5898,80.06,104.45
5/20/24,2433.8999,5308.1299,16794.8691,39806.7695,79.8,104.57
5/21/24,2421.7,5321.4102,16832.6191,39872.9883,79.26,104.66
5/22/24,2389.2,5307.0098,16801.5391,39671.0391,77.57,104.94
5/23/24,2335,5267.8398,16736.0293,39065.2617,76.87,105.11
5/24/24,2332.5,5304.7202,16920.7891,39069.5898,77.72,104.72
5/28/24,2355.2,5306.04,17019.8809,38852.8594,79.83,104.61
5/29/24,2340.3,5266.9502,16920.5801,38441.5391,79.23,105.1
5/30/24,2342.8999,5235.48,16737.0801,38111.4805,77.91,104.72
5/31/24,2322.8999,5277.5098,16735.0195,38686.3203,76.99,104.67
6/3/24,2346.6001,5283.3999,16828.6699,38571.0313,74.22,104.14
6/4/24,2325.5,5291.3398,16857.0508,38711.2891,73.25,104.11
6/5/24,2354.1001,5354.0298,17187.9004,38807.3281,74.07,104.27
6/6/24,2370.3,5352.96,17173.1191,38886.1719,75.55,104.1
6/7/24,2305.2,5346.9902,17133.1309,38798.9883,75.53,104.89
6/10/24,2307.7,5360.79,17192.5293,38868.0391,77.74,105.15
6/11/24,2307.5,5375.3198,17343.5508,38747.4219,77.9,105.23
6/12/24,2336,5421.0298,17608.4395,38712.2109,78.5,104.65
6/13/24,2300.2,5433.7402,17667.5605,38647.1016,78.62,105.2
6/14/24,2331.3999,5431.6001,17688.8809,38589.1602,78.45,105.55
6/17/24,2312.3999,5473.23,17857.0195,38778.1016,80.33,105.32
6/18/24,2330.3999,5487.0298,17862.2305,38834.8594,81.57,105.26
6/20/24,2353.8,5473.1699,17721.5898,39134.7617,82.17,105.59
6/21/24,2316.3999,5464.6201,17689.3594,39150.3281,80.73,105.8
6/24/24,2330,5447.8701,17496.8203,39411.2109,81.63,105.47
6/25/24,2316.6001,5469.2998,17717.6504,39112.1602,80.83,105.61
6/26/24,2299.2,5477.8999,17805.1602,39127.8008,80.9,106.05
6/27/24,2324.5,5482.8701,17858.6797,39164.0586,81.74,105.91
6/28/24,2327.7,5460.48,17732.5996,39118.8594,81.54,105.87
7/1/24,2327.6001,5475.0898,17879.3008,39169.5195,83.38,105.9
7/2/24,2323,5509.0098,18028.7598,39331.8516,82.81,105.72
7/3/24,2359.8,5537.02,18188.3008,39308,83.88,105.4
7/5/24,2388.5,5567.1899,18352.7598,39375.8711,83.16,104.88
7/8/24,2355.2,5572.8501,18403.7402,39344.7891,82.33,105.01
7/9/24,2360.1001,5576.98,18429.2891,39291.9688,81.41,105.13
7/10/24,2372.2,5633.9102,18647.4492,39721.3594,82.1,105.05
7/11/24,2415,5584.54,18283.4102,39753.75,82.62,104.44
7/12/24,2414,5615.3501,18398.4492,40000.8984,82.21,104.09
7/15/24,2422.8999,5631.2202,18472.5703,40211.7188,81.91,104.19
7/16/24,2462.3999,5667.2002,18509.3398,40954.4805,80.76,104.27
7/17/24,2454.8,5588.27,17996.9199,41198.0781,82.85,103.75
7/18/24,2451.8,5544.5898,17871.2207,40665.0195,82.82,104.17
7/19/24,2395.5,5505,17726.9395,40287.5313,80.13,104.4
7/22/24,2392,5564.4102,18007.5703,40415.4414,79.78,104.31
7/23/24,2404.6001,5555.7402,17997.3496,40358.0898,76.96,104.45
7/24/24,2413.3,5427.1299,17342.4102,39853.8711,77.59,104.39
7/25/24,2351.8999,5399.2202,17181.7207,39935.0703,78.28,104.36
7/26/24,2380,5459.1001,17357.8809,40589.3398,77.16,104.32
7/29/24,2377.3,5463.54,17370.1992,40539.9297,75.81,104.56
7/30/24,2405,5436.4399,17147.4199,40743.3281,74.73,104.55
7/31/24,2426.5,5522.2998,17599.4004,40842.7891,77.91,104.1
8/1/24,2435,5446.6802,17194.1504,40347.9688,76.31,104.42
8/2/24,2425.7,5346.5601,16776.1602,39737.2617,73.52,103.21
8/5/24,2401.7,5186.3301,16200.0801,38703.2695,72.94,102.69
8/6/24,2389.1001,5240.0298,16366.8496,38997.6602,73.2,102.97
8/7/24,2390.5,5199.5,16195.8096,38763.4492,75.23,103.2
8/8/24,2422.2,5319.3101,16660.0195,39446.4883,76.19,103.21
8/9/24,2432.1001,5344.1602,16745.3008,39497.5391,76.84,103.14
8/12/24,2462.3999,5344.3901,16780.6094,39357.0117,80.06,103.14
8/13/24,2466.7,5434.4302,17187.6094,39765.6406,78.35,102.56
8/14/24,2439.3999,5455.21,17192.5996,40008.3906,76.98,102.57
8/15/24,2453.1001,5543.2202,17594.5,40563.0586,78.16,102.98
8/16/24,2498.6001,5554.25,17631.7207,40659.7617,76.65,102.46
8/19/24,2501.8,5608.25,17876.7695,40896.5313,74.37,101.89
8/20/24,2511.3,5597.1201,17816.9395,40834.9688,74.04,101.44
8/21/24,2508.3999,5620.8501,17918.9902,40890.4883,71.93,101.04
8/22/24,2478.8999,5570.6401,17619.3496,40712.7813,73.01,101.51
8/23/24,2508.3999,5634.6099,17877.7891,41175.0781,74.83,100.72
8/26/24,2517.7,5616.8398,17725.7695,41240.5195,77.42,100.85
8/27/24,2516,5625.7998,17754.8203,41250.5,75.53,100.55
8/28/24,2501,5592.1802,17556.0293,41091.4219,74.52,101.09
8/29/24,2525.7,5591.96,17516.4297,41335.0508,75.91,101.34
8/30/24,2493.8,5648.3999,17713.6191,41563.0781,73.55,101.7
9/3/24,2489.8999,5528.9302,17136.3008,40936.9297,70.34,101.83
9/4/24,2493.3999,5520.0698,17084.3008,40974.9688,69.2,101.36
9/5/24,2511.3999,5503.4102,17127.6602,40755.75,69.15,101.11
9/6/24,2493.5,5408.4199,16690.8301,40345.4102,67.67,101.18
9/9/24,2501.8,5471.0498,16884.5996,40829.5898,68.71,101.55
9/10/24,2512.3,5495.52,17025.8809,40736.9609,65.75,101.63
9/11/24,2512.1001,5554.1299,17395.5293,40861.7109,67.31,101.68
9/12/24,2551.2,5595.7598,17569.6797,41096.7695,68.97,101.37
9/13/24,2581.3,5626.02,17683.9805,41393.7813,68.65,101.11
9/16/24,2580.3999,5633.0898,17592.1309,41622.0781,70.09,100.76
9/17/24,2564.3,5634.5801,17628.0605,41606.1797,71.19,100.89
9/18/24,2570.7,5618.2598,17573.3008,41503.1016,70.91,100.6
9/19/24,2588,5713.6401,18013.9805,42025.1914,71.95,100.61
9/20/24,2619.8999,5702.5498,17948.3203,42063.3594,71.92,100.72
9/23/24,2626.5,5718.5698,17974.2695,42124.6484,70.37,100.92
9/24/24,2651.2,5732.9302,18074.5195,42208.2188,71.56,100.37
9/25/24,2659.2,5722.2598,18082.2109,41914.75,69.69,100.92
9/26/24,2669.8999,5745.3701,18190.2891,42175.1094,67.67,100.56
9/27/24,2644.3,5738.1699,18119.5898,42313,68.18,100.42
9/30/24,2636.1001,5762.48,18189.1699,42330.1484,68.17,100.78
10/1/24,2667.3,5708.75,17910.3594,42156.9688,69.83,101.19
10/2/24,2647.1001,5709.54,17925.1191,42196.5195,70.1,101.68
10/3/24,2657.1001,5699.9399,17918.4805,42011.5898,73.71,101.99
10/4/24,2645.8,5751.0698,18137.8496,42352.75,74.38,102.52
10/7/24,2644.8,5695.9399,17923.9004,41954.2383,77.14,102.54
10/8/24,2615,5751.1299,18182.9199,42080.3711,73.57,102.55
10/9/24,2606,5792.04,18291.6191,42512,73.24,102.93
10/10/24,2620.6001,5780.0498,18282.0508,42454.1211,75.85,102.99
10/11/24,2657.6001,5815.0298,18342.9395,42863.8594,75.56,102.89
10/14/24,2647.8,5859.8501,18502.6895,43065.2188,73.83,103.3
10/15/24,2661.3999,5815.2598,18315.5898,42740.4219,70.58,103.26
10/16/24,2674,5842.4702,18367.0801,43077.6992,70.39,103.59
10/17/24,2691,5841.4702,18373.6094,43239.0508,70.67,103.83
10/18/24,2713.7,5864.6699,18489.5508,43275.9102,69.22,103.49
10/21/24,2723.1001,5853.98,18540.0098,42931.6016,70.56,104.01
10/22/24,2744.2,5851.2002,18579.7695,42924.8906,72.09,104.08
10/23/24,2714.3999,5797.4199,18276.6504,42514.9492,70.77,104.43
10/24/24,2734.8999,5809.8599,18415.4902,42374.3594,70.19,104.06
10/25/24,2740.8999,5808.1201,18518.6094,42114.3984,71.78,104.26
10/28/24,2742.8999,5823.52,18567.1895,42387.5703,67.38,104.32
10/29/24,2768.3999,5832.9199,18712.75,42233.0508,67.21,104.28
10/30/24,2788.5,5813.6699,18607.9297,42141.5391,68.61,103.99
10/31/24,2738.3,5705.4502,18095.1504,41763.4609,69.26,103.98
11/1/24,2738.6001,5728.7998,18239.9199,42052.1914,69.49,104.28
11/4/24,2736.1001,5712.6899,18179.9805,41794.6016,71.47,103.89
11/5/24,2740.3,5782.7598,18439.1699,42221.8789,71.99,103.42
11/6/24,2667.6001,5929.04,18983.4707,43729.9297,71.69,105.09
11/7/24,2698.3999,5973.1001,19269.4609,43729.3398,72.36,104.51
11/8/24,2687.5,5995.54,19286.7793,43988.9883,70.38,105
11/11/24,2611.2,6001.3501,19298.7598,44293.1289,68.04,105.54
11/12/24,2600,5983.9902,19281.4004,43910.9805,68.12,106.02
11/13/24,2580.8,5985.3799,19230.7207,43958.1914,68.43,106.48
11/14/24,2568.2,5949.1699,19107.6504,43750.8594,68.7,106.67
11/15/24,2565.7,5870.6201,18680.1191,43444.9883,67.02,106.69
11/18/24,2610.6001,5893.6201,18791.8105,43389.6016,69.16,106.28
11/19/24,2627.1001,5916.98,18987.4707,43268.9414,69.39,106.21
11/20/24,2648.2,5917.1099,18966.1406,43408.4688,68.87,106.68
11/21/24,2672.1001,5948.71,18972.4199,43870.3516,70.1,106.97
11/22/24,2709.8999,5969.3398,19003.6504,44296.5117,71.24,107.49
11/25/24,2616.8,5987.3701,19054.8398,44736.5703,68.94,106.82
11/26/24,2620.3,6021.6299,19174.3008,44860.3086,68.77,107.01
11/27/24,2639.8999,5998.7402,19060.4805,44722.0586,68.72,106.08
11/29/24,2657,6032.3799,19218.1699,44910.6484,68,105.74
12/2/24,2634.8999,6047.1499,19403.9492,44782,68.1,106.45
12/3/24,2644.7,6049.8799,19480.9102,44705.5313,69.94,106.37
12/4/24,2653.8,6086.4902,19735.1191,45014.0391,68.54,106.34
12/5/24,2626.6001,6075.1099,19700.2598,44765.7109,68.3,105.71
12/6/24,2638.6001,6090.27,19859.7695,44642.5195,67.2,105.97
12/9/24,2664.8999,6052.8501,19736.6895,44401.9297,68.37,106.15
12/10/24,2697.6001,6034.9102,19687.2402,44247.8281,68.59,106.4
12/11/24,2733.8,6084.1899,20034.8906,44148.5586,70.29,106.71
12/12/24,2687.5,6051.25,19902.8398,43914.1211,70.02,106.96
12/13/24,2656,6051.0898,19926.7207,43828.0586,71.29,107
12/16/24,2651.3999,6074.0801,20173.8906,43717.4805,70.71,106.86
12/17/24,2644.3999,6050.6099,20109.0605,43449.8984,70.08,106.96
12/18/24,2636.5,5872.1602,19392.6895,42326.8711,70.58,108.03
12/19/24,2592.2,5867.0801,19372.7695,42342.2383,69.91,108.41
12/20/24,2628.7,5930.8501,19572.5996,42840.2617,69.46,107.62
12/23/24,2612.3,5974.0698,19764.8809,42906.9492,69.24,108.04
12/24/24,2620,6040.04,20031.1309,43297.0313,70.1,108.26
12/26/24,2638.8,6037.5898,20020.3594,43325.8008,69.62,108.13
12/27/24,2617.2,5970.8398,19722.0293,42992.2109,70.6,108
12/30/24,2606.1001,5906.9399,19486.7891,42573.7305,70.99,108.13
12/31/24,2629.2,5881.6299,19310.7891,42544.2188,71.72,108.49